datetime,feelslike,precip,cloudcover,uvindex
2015-01-01,-3.9,0.0,11.3,5
2015-01-02,-0.1,0.024,37.1,4
2015-01-03,-1.2,17.008,69.4,1
2015-01-04,8.0,8.886,92.7,1
2015-01-05,-2.5,0.0,35.7,4
2015-01-06,-10.1,1.281,65.4,2
2015-01-07,-14.7,0.0,38.9,4
2015-01-08,-17.4,0.0,15.8,5
2015-01-09,-9.1,1.759,57.8,5
2015-01-10,-13.2,0.0,4.6,5
2015-01-11,-6.0,0.0,50.6,5
2015-01-12,0.9,9.296,100.0,1
2015-01-13,-8.8,0.0,43.8,5
2015-01-14,-9.0,0.0,71.2,3
2015-01-15,-4.7,0.0,47.7,5
2015-01-16,-5.3,0.0,33.7,5
2015-01-17,-9.4,0.0,12.8,5
2015-01-18,0.2,51.681,85.2,0
2015-01-19,0.0,0.542,80.9,4
2015-01-20,-0.5,0.0,68.7,5
2015-01-21,-3.5,0.0,58.6,4
2015-01-22,-1.5,0.0,63.8,5
2015-01-23,-2.7,0.0,22.6,5
2015-01-24,-1.5,18.14,86.5,2
2015-01-25,-0.9,0.0,57.3,5
2015-01-26,-10.4,8.928,98.7,3
2015-01-27,-10.6,8.247,78.1,3
2015-01-28,-9.7,0.0,14.2,6
2015-01-29,-5.4,0.0,47.1,5
2015-01-30,-4.9,2.396,75.1,5
2015-01-31,-14.7,0.0,5.5,6
2015-02-01,-4.3,0.536,75.1,5
2015-02-02,-8.5,27.056,91.0,2
2015-02-03,-12.7,0.0,18.6,6
2015-02-04,-1.3,0.0,75.3,5
2015-02-05,-7.0,0.0,57.0,5
2015-02-06,-13.0,0.0,27.9,5
2015-02-07,-2.8,0.375,86.6,4
2015-02-08,-2.6,0.0,94.7,4
2015-02-09,-9.0,2.208,100.0,2
2015-02-10,-5.9,0.185,77.0,6
2015-02-11,-6.4,0.0,16.8,7
2015-02-12,-4.2,0.0,88.5,6
2015-02-13,-17.0,0.0,7.5,7
2015-02-14,-7.1,0.462,85.6,4
2015-02-15,-18.6,0.309,53.4,7
2015-02-16,-18.0,0.0,31.7,7
2015-02-17,-9.8,3.482,69.0,6
2015-02-18,-6.6,0.0,43.9,7
2015-02-19,-15.7,0.0,49.5,6
2015-02-20,-20.2,0.0,3.8,7
2015-02-21,-9.1,13.519,61.9,5
2015-02-22,1.2,4.513,63.8,6
2015-02-23,-11.5,0.0,44.5,7
2015-02-24,-14.8,0.0,25.4,7
2015-02-25,-5.4,0.0,23.7,7
2015-02-26,-9.0,0.0,74.1,7
2015-02-27,-9.4,0.0,32.4,7
2015-02-28,-8.8,0.0,12.3,8
2015-03-01,-3.8,12.965,79.1,3
2015-03-02,-3.4,0.0,52.1,7
2015-03-03,-5.2,16.501,58.3,5
2015-03-04,1.8,4.775,99.2,3
2015-03-05,-6.9,20.684,96.3,1
2015-03-06,-11.3,0.0,11.4,8
2015-03-07,-5.9,0.0,41.7,8
2015-03-08,3.5,0.0,65.1,8
2015-03-09,6.9,0.367,31.6,8
2015-03-10,6.2,9.471,58.0,5
2015-03-11,9.3,2.077,49.9,6
2015-03-12,3.1,0.0,3.9,8
2015-03-13,-0.1,0.0,26.2,8
2015-03-14,5.4,21.826,98.7,1
2015-03-15,1.6,0.064,91.4,5
2015-03-16,3.9,0.0,37.7,7
2015-03-17,6.9,0.36,71.1,6
2015-03-18,-4.4,0.0,46.9,7
2015-03-19,-2.0,0.0,30.0,8
2015-03-20,-3.1,9.09,81.3,2
2015-03-21,0.4,0.196,86.5,8
2015-03-22,-1.0,0.0,16.1,8
2015-03-23,-5.3,0.0,11.2,9
2015-03-24,-1.0,0.0,42.1,8
2015-03-25,2.8,1.41,48.7,8
2015-03-26,8.9,6.151,98.5,3
2015-03-27,4.0,8.841,99.7,3
2015-03-28,-2.0,0.0,97.0,5
2015-03-29,-2.0,0.0,43.0,9
2015-03-30,4.4,0.0,69.6,6
2015-03-31,2.3,3.978,75.3,5
2015-04-01,2.8,0.0,20.3,9
2015-04-02,11.2,0.0,20.7,9
2015-04-03,16.1,1.078,84.5,2
2015-04-04,9.2,0.185,50.9,9
2015-04-05,9.3,0.0,52.2,8
2015-04-06,10.2,0.0,22.7,9
2015-04-07,10.3,3.445,94.0,5
2015-04-08,2.1,0.535,100.0,3
2015-04-09,0.5,0.0,100.0,3
2015-04-10,7.1,4.932,95.9,3
2015-04-11,11.7,0.0,25.3,9
2015-04-12,10.5,0.0,6.0,9
2015-04-13,14.7,0.0,28.0,9
2015-04-14,15.7,0.185,69.1,3
2015-04-15,16.2,0.0,29.7,9
2015-04-16,13.5,0.0,33.2,8
2015-04-17,16.6,1.694,81.7,4
2015-04-18,20.0,0.0,24.3,9
2015-04-19,12.7,0.0,30.3,9
2015-04-20,10.0,28.674,95.6,3
2015-04-21,14.5,7.403,56.4,9
2015-04-22,14.0,1.722,49.0,8
2015-04-23,4.6,0.0,52.2,7
2015-04-24,3.1,0.0,63.8,5
2015-04-25,7.4,0.0,18.9,9
2015-04-26,11.6,0.0,49.1,8
2015-04-27,12.1,0.0,83.5,7
2015-04-28,15.5,0.0,40.0,6
2015-04-29,17.5,0.0,21.0,9
2015-04-30,12.0,0.0,48.4,8
2015-05-01,11.2,0.0,85.1,5
2015-05-02,12.7,0.0,35.0,8
2015-05-03,17.1,0.0,24.7,9
2015-05-04,21.1,0.0,11.7,9
2015-05-05,22.8,0.0,44.8,8
2015-05-06,19.1,0.0,71.4,5
2015-05-07,18.6,0.0,9.0,9
2015-05-08,19.3,0.0,18.6,9
2015-05-09,16.0,0.067,91.8,3
2015-05-10,21.8,0.0,68.6,9
2015-05-11,23.8,0.687,54.4,7
2015-05-12,24.4,0.0,53.1,8
2015-05-13,16.6,0.0,55.4,7
2015-05-14,16.1,0.0,13.0,10
2015-05-15,17.4,0.0,41.4,9
2015-05-16,18.9,8.072,79.9,7
2015-05-17,23.1,1.715,61.3,8
2015-05-18,18.2,0.0,78.1,4
2015-05-19,18.8,0.067,69.0,6
2015-05-20,15.7,0.0,41.1,9
2015-05-21,13.6,0.0,78.5,4
2015-05-22,17.6,0.0,60.5,9
2015-05-23,14.7,0.0,5.9,10
2015-05-24,19.7,0.0,22.7,10
2015-05-25,23.4,0.0,29.6,9
2015-05-26,24.5,0.0,24.9,9
2015-05-27,24.0,1.938,58.7,9
2015-05-28,25.0,0.0,60.2,9
2015-05-29,22.3,0.0,19.4,10
2015-05-30,23.8,0.0,27.5,9
2015-05-31,23.0,37.999,66.0,8
2015-06-01,13.4,23.483,100.0,4
2015-06-02,11.3,10.039,100.0,1
2015-06-03,14.8,0.0,71.2,8
2015-06-04,14.7,0.0,70.0,5
2015-06-05,15.7,2.637,90.0,5
2015-06-06,19.3,6.575,66.4,7
2015-06-07,18.2,0.0,20.0,9
2015-06-08,20.9,0.692,70.7,7
2015-06-09,23.7,1.296,69.7,7
2015-06-10,23.6,0.0,17.5,9
2015-06-11,28.1,0.0,41.1,9
2015-06-12,28.4,0.0,36.3,9
2015-06-13,27.0,0.0,49.1,10
2015-06-14,25.0,2.198,41.1,9
2015-06-15,21.3,23.076,98.8,8
2015-06-16,21.7,6.373,80.4,5
2015-06-17,22.4,0.0,35.4,9
2015-06-18,19.3,0.0,92.9,5
2015-06-19,24.6,0.0,75.5,6
2015-06-20,20.4,0.095,91.6,2
2015-06-21,26.0,13.767,79.8,7
2015-06-22,26.4,0.0,27.5,10
2015-06-23,29.5,1.68,42.9,9
2015-06-24,24.6,0.0,23.4,10
2015-06-25,23.9,0.0,39.2,9
2015-06-26,23.3,0.0,69.6,8
2015-06-27,19.3,23.152,88.5,3
2015-06-28,19.3,12.207,98.2,4
2015-06-29,21.6,0.0,47.2,5
2015-06-30,23.7,0.0,46.8,9
2015-07-01,24.7,12.92,69.4,8
2015-07-02,23.5,0.0,40.6,8
2015-07-03,23.0,0.0,26.2,10
2015-07-04,22.2,0.0,75.7,7
2015-07-05,24.2,0.0,48.8,9
2015-07-06,25.1,0.0,58.4,6
2015-07-07,28.2,1.847,68.6,6
2015-07-08,27.9,0.645,50.3,7
2015-07-09,23.2,10.538,81.5,8
2015-07-10,25.1,0.0,56.0,9
2015-07-11,25.7,0.0,23.5,10
2015-07-12,26.8,0.0,22.4,9
2015-07-13,26.1,0.0,31.0,8
2015-07-14,24.4,12.126,64.3,5
2015-07-15,24.9,2.532,84.3,5
2015-07-16,22.3,0.0,35.0,10
2015-07-17,22.8,0.0,36.1,9
2015-07-18,26.4,6.563,82.6,5
2015-07-19,32.2,0.0,27.8,9
2015-07-20,33.4,0.0,40.1,8
2015-07-21,29.2,0.047,56.7,8
2015-07-22,24.8,0.0,19.0,9
2015-07-23,24.6,0.0,24.6,8
2015-07-24,25.3,0.0,37.0,8
2015-07-25,25.4,0.0,23.5,9
2015-07-26,27.2,0.292,62.2,8
2015-07-27,26.5,5.65,64.9,7
2015-07-28,29.0,0.0,30.3,8
2015-07-29,31.1,0.0,23.0,8
2015-07-30,27.8,43.158,69.7,7
2015-07-31,27.1,0.0,18.9,9
2015-08-01,27.5,0.0,34.7,8
2015-08-02,26.5,0.0,22.3,9
2015-08-03,28.0,0.0,23.7,9
2015-08-04,27.2,8.391,28.9,9
2015-08-05,25.9,0.0,34.5,8
2015-08-06,24.2,0.0,27.6,8
2015-08-07,24.3,0.0,27.1,9
2015-08-08,23.7,0.0,24.0,8
2015-08-09,23.9,0.0,30.8,8
2015-08-10,23.9,0.0,64.9,8
2015-08-11,24.1,29.145,89.8,5
2015-08-12,25.0,0.0,35.5,8
2015-08-13,24.1,0.0,30.2,9
2015-08-14,25.2,0.0,13.4,9
2015-08-15,27.7,0.0,14.3,9
2015-08-16,29.1,0.319,34.5,8
2015-08-17,30.2,0.0,32.0,8
2015-08-18,28.4,3.971,35.6,8
2015-08-19,27.5,0.0,63.4,7
2015-08-20,28.0,0.0,73.5,7
2015-08-21,25.9,7.588,61.1,8
2015-08-22,24.5,0.0,29.9,9
2015-08-23,24.7,0.0,56.6,6
2015-08-24,26.0,0.0,49.9,9
2015-08-25,27.7,0.0,51.8,7
2015-08-26,24.0,0.0,18.4,8
2015-08-27,23.1,0.0,36.3,8
2015-08-28,22.8,0.0,17.3,9
2015-08-29,24.3,0.0,30.5,8
2015-08-30,26.9,2.481,40.0,8
2015-08-31,28.8,0.0,42.4,6
2015-09-01,27.7,0.0,21.4,8
2015-09-02,27.7,0.0,20.0,7
2015-09-03,28.7,0.0,17.7,8
2015-09-04,26.8,0.0,42.7,6
2015-09-05,22.7,0.0,23.7,8
2015-09-06,23.4,0.0,16.0,8
2015-09-07,26.5,0.0,6.0,8
2015-09-08,29.8,0.0,7.4,8
2015-09-09,28.8,0.08,39.1,6
2015-09-10,23.4,33.397,99.2,4
2015-09-11,22.7,3.312,70.5,4
2015-09-12,23.1,3.835,63.5,6
2015-09-13,21.8,2.838,68.2,5
2015-09-14,19.5,0.0,12.2,7
2015-09-15,22.5,0.0,6.5,8
2015-09-16,24.2,0.0,22.5,8
2015-09-17,24.8,0.0,15.0,8
2015-09-18,24.2,0.0,6.8,8
2015-09-19,23.6,0.0,37.0,7
2015-09-20,22.6,0.0,50.1,7
2015-09-21,18.8,0.0,32.4,7
2015-09-22,19.3,0.0,64.4,5
2015-09-23,19.9,0.0,18.1,8
2015-09-24,21.2,0.0,14.7,8
2015-09-25,20.3,0.0,36.2,7
2015-09-26,18.9,0.0,40.3,6
2015-09-27,17.5,0.0,48.6,6
2015-09-28,21.5,0.108,78.9,4
2015-09-29,24.4,0.852,80.6,5
2015-09-30,22.2,32.412,98.3,5
2015-10-01,14.8,2.215,93.9,3
2015-10-02,10.2,27.196,97.6,1
2015-10-03,9.3,10.139,100.0,1
2015-10-04,13.9,0.0,80.6,4
2015-10-05,14.3,0.0,64.7,6
2015-10-06,16.9,0.0,23.1,7
2015-10-07,18.2,0.0,34.4,6
2015-10-08,17.5,0.0,43.9,5
2015-10-09,19.4,18.112,73.6,5
2015-10-10,14.5,0.0,20.3,7
2015-10-11,15.5,0.0,12.6,7
2015-10-12,17.9,0.0,3.3,7
2015-10-13,19.1,0.291,61.9,6
2015-10-14,17.2,0.0,56.9,6
2015-10-15,14.4,0.0,12.2,7
2015-10-16,14.5,0.0,41.0,7
2015-10-17,9.3,0.065,27.9,6
2015-10-18,3.6,0.0,28.2,6
2015-10-19,5.7,0.0,8.1,6
2015-10-20,13.6,0.0,35.8,6
2015-10-21,18.1,0.0,23.8,6
2015-10-22,18.8,0.0,33.6,6
2015-10-23,13.2,0.0,7.1,6
2015-10-24,8.6,0.0,59.7,3
2015-10-25,15.0,1.09,78.7,3
2015-10-26,10.7,0.0,18.6,6
2015-10-27,10.7,0.0,45.0,3
2015-10-28,15.5,29.034,88.2,1
2015-10-29,19.1,6.494,60.6,5
2015-10-30,12.4,0.0,10.6,5
2015-10-31,8.9,0.0,20.4,5
2015-11-01,14.8,0.0,63.2,4
2015-11-02,15.0,0.0,32.9,4
2015-11-03,16.5,0.0,4.2,6
2015-11-04,16.3,0.0,3.9,5
2015-11-05,17.7,0.233,86.5,3
2015-11-06,21.1,0.0,86.0,3
2015-11-07,17.0,0.0,65.0,3
2015-11-08,10.5,0.0,15.1,6
2015-11-09,11.1,0.0,26.9,5
2015-11-10,12.8,6.048,94.1,2
2015-11-11,11.9,9.422,99.1,2
2015-11-12,13.4,0.252,94.8,1
2015-11-13,12.1,0.0,37.6,4
2015-11-14,4.8,0.0,22.2,4
2015-11-15,8.5,0.0,13.1,5
2015-11-16,14.6,0.0,1.9,5
2015-11-17,5.8,0.0,15.4,5
2015-11-18,11.3,0.0,92.6,3
2015-11-19,15.9,29.223,99.2,3
2015-11-20,12.9,0.372,26.0,5
2015-11-21,6.7,0.0,40.1,5
2015-11-22,9.1,0.58,78.3,2
2015-11-23,0.0,0.0,12.5,5
2015-11-24,2.6,0.0,42.3,5
2015-11-25,5.3,0.0,10.0,5
2015-11-26,9.7,0.0,32.2,4
2015-11-27,13.8,0.0,33.2,4
2015-11-28,11.4,0.329,95.0,2
2015-11-29,1.9,0.0,71.0,4
2015-11-30,1.0,0.0,71.0,3
2015-12-01,6.6,8.69,100.0,0
2015-12-02,9.8,3.834,99.3,1
2015-12-03,7.2,0.0,69.2,4
2015-12-04,6.6,0.0,33.4,4
2015-12-05,7.2,0.0,1.2,4
2015-12-06,7.6,0.0,14.1,5
2015-12-07,7.9,0.0,35.1,4
2015-12-08,5.0,0.0,59.1,4
2015-12-09,8.3,0.0,81.3,3
2015-12-10,12.7,0.0,46.6,3
2015-12-11,12.9,0.0,33.3,3
2015-12-12,15.3,0.0,62.8,3
2015-12-13,15.2,0.0,58.9,3
2015-12-14,14.1,7.711,92.1,1
2015-12-15,15.6,2.385,64.6,4
2015-12-16,8.8,0.588,59.9,4
2015-12-17,13.2,28.229,99.1,0
2015-12-18,7.1,0.067,83.1,1
2015-12-19,-1.0,0.0,67.4,4
2015-12-20,0.9,0.0,46.6,4
2015-12-21,7.3,0.0,53.8,3
2015-12-22,14.3,4.25,89.7,1
2015-12-23,13.2,37.429,81.2,1
2015-12-24,19.8,1.85,75.1,1
2015-12-25,15.7,0.514,76.9,2
2015-12-26,11.3,0.0,97.0,1
2015-12-27,11.4,3.402,97.7,2
2015-12-28,1.1,1.014,55.8,3
2015-12-29,1.8,12.173,97.0,1
2015-12-30,4.9,2.083,90.5,1
2015-12-31,5.8,3.551,90.1,3
2016-01-01,0.6,0.0,71.7,4
2016-01-02,-1.3,0.0,43.0,4
2016-01-03,0.4,0.0,19.8,4
2016-01-04,-8.1,0.0,42.8,4
2016-01-05,-11.0,0.0,3.9,5
2016-01-06,-1.5,0.0,4.7,5
2016-01-07,2.9,0.0,41.9,3
2016-01-08,1.5,0.0,78.0,4
2016-01-09,3.9,0.048,97.0,2
2016-01-10,9.0,42.768,83.8,1
2016-01-11,-4.9,0.31,19.9,5
2016-01-12,-1.8,0.048,59.5,3
2016-01-13,-10.0,0.0,20.6,5
2016-01-14,-4.3,0.0,93.2,5
2016-01-15,4.3,0.067,52.8,4
2016-01-16,5.6,6.34,93.8,4
2016-01-17,-1.5,1.362,75.9,2
2016-01-18,-10.2,0.062,31.4,5
2016-01-19,-12.2,0.0,12.6,5
2016-01-20,-3.8,0.0,45.7,5
2016-01-21,-5.0,0.0,32.3,5
2016-01-22,-7.7,0.0,47.1,4
2016-01-23,-10.6,46.666,100.0,1
2016-01-24,-6.4,0.356,42.3,6
2016-01-25,-1.0,0.0,41.9,5
2016-01-26,3.4,0.0,46.7,4
2016-01-27,3.0,0.064,59.0,5
2016-01-28,1.2,0.0,28.2,6
2016-01-29,-0.4,0.0,67.5,5
2016-01-30,-2.5,0.0,19.4,5
2016-01-31,5.0,0.0,30.4,5
2016-02-01,9.4,0.18,55.4,4
2016-02-02,5.4,0.0,13.2,6
2016-02-03,10.0,17.931,85.0,1
2016-02-04,10.9,0.115,99.1,4
2016-02-05,-2.3,12.354,67.4,4
2016-02-06,-1.1,0.0,24.0,5
2016-02-07,2.1,0.0,26.1,6
2016-02-08,-3.3,1.15,87.9,3
2016-02-09,-3.2,0.119,96.6,4
2016-02-10,-1.8,0.323,90.1,6
2016-02-11,-11.0,0.047,61.2,5
2016-02-12,-11.3,0.0,46.3,6
2016-02-13,-16.3,0.0,41.0,7
2016-02-14,-19.8,0.0,9.7,7
2016-02-15,-9.0,9.274,83.5,4
2016-02-16,7.2,25.976,91.8,2
2016-02-17,-0.4,0.0,74.4,5
2016-02-18,-4.6,0.0,9.6,7
2016-02-19,-3.6,0.0,44.5,5
2016-02-20,9.1,0.0,45.2,6
2016-02-21,10.3,1.145,51.9,4
2016-02-22,5.2,0.0,33.1,6
2016-02-23,-2.1,6.421,82.8,2
2016-02-24,4.4,28.278,100.0,1
2016-02-25,7.5,3.66,88.7,4
2016-02-26,-4.0,0.048,42.4,7
2016-02-27,-2.5,0.0,20.8,7
2016-02-28,7.5,0.0,21.6,7
2016-02-29,9.7,1.332,35.3,5
2016-03-01,5.2,0.0,43.3,7
2016-03-02,3.1,3.686,46.9,7
2016-03-03,-4.4,0.0,38.1,7
2016-03-04,-3.2,2.739,73.2,4
2016-03-05,-1.3,0.0,39.3,6
2016-03-06,1.8,0.0,46.5,7
2016-03-07,7.4,0.0,20.5,7
2016-03-08,11.9,0.0,42.4,7
2016-03-09,15.5,0.0,24.0,7
2016-03-10,21.4,0.852,53.6,7
2016-03-11,14.8,1.276,60.3,7
2016-03-12,9.6,0.0,32.8,8
2016-03-13,13.6,0.0,52.5,5
2016-03-14,4.3,8.068,100.0,2
2016-03-15,8.1,0.0,83.6,3
2016-03-16,12.2,0.57,52.5,7
2016-03-17,11.1,0.249,48.1,8
2016-03-18,9.8,0.039,32.1,7
2016-03-19,3.8,0.0,33.3,6
2016-03-20,-1.5,0.812,74.3,5
2016-03-21,1.1,2.429,56.8,8
2016-03-22,5.2,0.0,19.1,8
2016-03-23,13.8,0.0,32.9,7
2016-03-24,7.0,0.0,56.9,8
2016-03-25,14.5,1.467,79.3,6
2016-03-26,4.9,0.0,38.0,8
2016-03-27,6.2,0.0,80.1,6
2016-03-28,7.6,10.448,94.7,3
2016-03-29,6.1,0.0,33.5,9
2016-03-30,5.9,0.0,14.3,9
2016-03-31,15.2,0.0,44.6,7
2016-04-01,19.6,0.371,84.3,5
2016-04-02,12.1,3.625,85.5,4
2016-04-03,0.0,2.517,59.4,8
2016-04-04,0.5,12.162,98.9,4
2016-04-05,-3.7,0.0,38.0,9
2016-04-06,1.6,0.0,27.2,8
2016-04-07,11.8,2.644,73.2,4
2016-04-08,5.4,0.185,59.7,8
2016-04-09,1.8,2.565,72.0,3
2016-04-10,1.7,0.0,24.6,9
2016-04-11,10.2,0.694,80.7,8
2016-04-12,11.0,5.093,54.1,5
2016-04-13,7.5,0.0,8.8,9
2016-04-14,9.2,0.0,20.4,9
2016-04-15,10.5,0.0,4.1,9
2016-04-16,11.4,0.0,20.8,9
2016-04-17,13.7,0.0,11.4,9
2016-04-18,18.1,0.0,25.0,9
2016-04-19,18.8,0.0,37.8,9
2016-04-20,14.5,0.0,5.0,9
2016-04-21,15.9,0.0,24.6,9
2016-04-22,21.6,0.0,46.7,7
2016-04-23,17.9,3.562,69.2,8
2016-04-24,12.6,0.0,13.7,9
2016-04-25,14.7,0.0,49.1,9
2016-04-26,11.6,5.904,85.8,6
2016-04-27,10.6,0.0,67.9,6
2016-04-28,10.7,0.0,48.6,7
2016-04-29,10.3,0.795,99.7,5
2016-04-30,11.2,0.176,64.5,7
2016-05-01,7.7,4.365,91.7,1
2016-05-02,10.6,0.0,86.8,3
2016-05-03,11.7,17.703,99.7,2
2016-05-04,10.0,0.405,100.0,2
2016-05-05,10.0,0.0,100.0,2
2016-05-06,9.5,14.443,100.0,2
2016-05-07,10.8,0.251,90.6,4
2016-05-08,13.7,2.509,58.7,9
2016-05-09,17.0,0.0,40.7,10
2016-05-10,13.9,0.0,39.8,7
2016-05-11,17.6,0.0,37.8,9
2016-05-12,18.9,0.0,31.7,10
2016-05-13,16.8,6.794,88.9,3
2016-05-14,18.5,0.0,68.0,8
2016-05-15,11.0,0.0,67.1,8
2016-05-16,11.0,0.0,27.5,8
2016-05-17,15.2,0.0,86.3,6
2016-05-18,14.7,0.0,86.8,9
2016-05-19,16.0,0.0,75.6,8
2016-05-20,18.2,0.0,18.7,10
2016-05-21,15.9,1.262,66.1,3
2016-05-22,16.0,1.911,89.3,6
2016-05-23,18.2,0.418,38.1,8
2016-05-24,18.3,4.763,94.7,7
2016-05-25,23.5,0.0,15.0,10
2016-05-26,25.9,0.0,28.6,9
2016-05-27,25.8,0.0,32.9,9
2016-05-28,27.7,0.0,29.7,8
2016-05-29,25.3,0.0,27.7,9
2016-05-30,23.1,41.001,80.0,7
2016-05-31,24.7,0.0,54.9,10
2016-06-01,23.8,0.0,30.7,9
2016-06-02,19.8,0.0,46.2,9
2016-06-03,19.0,0.94,99.3,3
2016-06-04,22.7,6.747,81.2,7
2016-06-05,19.8,22.976,87.2,2
2016-06-06,23.8,0.0,48.0,9
2016-06-07,24.3,0.642,33.2,9
2016-06-08,16.3,11.6,46.4,8
2016-06-09,17.3,0.0,25.6,10
2016-06-10,19.7,0.0,45.0,10
2016-06-11,24.2,0.562,72.1,7
2016-06-12,25.0,0.0,38.3,10
2016-06-13,18.6,0.0,53.8,10
2016-06-14,20.8,0.0,25.2,10
2016-06-15,23.3,0.0,26.6,10
2016-06-16,21.6,4.231,86.0,7
2016-06-17,21.1,0.0,36.9,8
2016-06-18,22.5,0.0,12.9,9
2016-06-19,23.2,0.0,36.0,9
2016-06-20,23.7,0.0,28.3,9
2016-06-21,26.5,0.0,48.4,9
2016-06-22,24.9,0.0,34.2,8
2016-06-23,23.6,0.0,63.1,7
2016-06-24,23.5,0.0,19.8,9
2016-06-25,22.8,0.0,11.0,10
2016-06-26,24.1,0.0,32.0,9
2016-06-27,23.7,2.368,41.0,9
2016-06-28,22.0,12.095,98.2,3
2016-06-29,24.1,1.084,58.4,8
2016-06-30,24.5,0.0,18.6,10
2016-07-01,23.5,15.423,57.3,6
2016-07-02,22.1,0.0,38.6,9
2016-07-03,22.9,0.0,33.9,8
2016-07-04,23.5,3.425,45.3,10
2016-07-05,25.9,23.418,74.6,6
2016-07-06,29.9,0.0,26.0,8
2016-07-07,30.4,0.775,40.9,8
2016-07-08,26.5,1.506,54.0,8
2016-07-09,20.5,8.686,99.9,3
2016-07-10,22.9,2.998,76.0,7
2016-07-11,22.9,0.0,37.8,7
2016-07-12,24.2,0.0,31.1,7
2016-07-13,25.5,0.0,47.4,0
2016-07-14,28.8,12.998,64.4,7
2016-07-15,31.1,0.0,28.8,8
2016-07-16,27.9,2.315,34.6,8
2016-07-17,28.7,0.0,31.0,9
2016-07-18,28.6,7.079,41.0,9
2016-07-19,25.7,0.0,48.0,10
2016-07-20,24.6,0.0,42.2,9
2016-07-21,26.6,0.0,16.8,9
2016-07-22,30.7,0.0,27.4,9
2016-07-23,31.4,0.0,18.3,9
2016-07-24,29.1,0.0,21.5,8
2016-07-25,29.3,27.625,53.5,7
2016-07-26,27.9,0.0,35.2,9
2016-07-27,28.7,0.0,34.2,9
2016-07-28,29.2,0.0,36.3,8
2016-07-29,25.2,26.473,71.7,8
2016-07-30,25.4,6.475,63.9,6
2016-07-31,24.3,19.63,98.4,3
2016-08-01,23.0,3.437,95.7,5
2016-08-02,22.8,0.0,67.7,6
2016-08-03,22.5,0.0,18.0,9
2016-08-04,23.2,0.0,21.5,9
2016-08-05,24.6,0.0,38.6,8
2016-08-06,27.3,1.168,56.4,7
2016-08-07,26.3,0.0,19.7,9
2016-08-08,26.0,0.0,35.4,9
2016-08-09,26.1,0.0,25.0,8
2016-08-10,29.6,2.259,84.6,5
2016-08-11,33.3,2.38,56.9,6
2016-08-12,31.6,9.803,49.2,8
2016-08-13,36.8,0.039,26.1,8
2016-08-14,34.0,0.991,39.8,8
2016-08-15,30.1,0.0,34.8,8
2016-08-16,31.8,2.465,56.4,5
2016-08-17,28.0,1.038,46.6,9
2016-08-18,26.7,0.801,79.2,7
2016-08-19,27.4,0.297,49.6,7
2016-08-20,26.0,8.226,47.8,7
2016-08-21,26.5,8.068,70.7,7
2016-08-22,23.2,0.18,17.6,9
2016-08-23,22.6,0.0,4.9,9
2016-08-24,25.2,0.0,21.8,9
2016-08-25,26.5,0.115,71.4,8
2016-08-26,29.3,0.0,56.9,7
2016-08-27,26.6,0.0,29.3,8
2016-08-28,26.0,0.0,18.3,8
2016-08-29,27.6,0.0,30.3,8
2016-08-30,25.0,0.0,33.6,8
2016-08-31,27.0,0.0,51.1,7
2016-09-01,23.3,10.789,91.2,5
2016-09-02,23.0,0.0,41.6,8
2016-09-03,21.7,0.0,50.3,5
2016-09-04,22.1,0.0,20.9,8
2016-09-05,23.3,0.0,37.1,5
2016-09-06,24.7,0.0,90.1,6
2016-09-07,25.1,0.067,75.7,6
2016-09-08,27.9,0.0,33.7,4
2016-09-09,32.0,1.108,61.1,7
2016-09-10,29.8,2.679,48.6,6
2016-09-11,26.1,0.0,52.1,7
2016-09-12,20.7,0.0,13.6,8
2016-09-13,22.2,0.0,9.5,8
2016-09-14,24.6,10.854,32.8,8
2016-09-15,19.8,0.0,32.4,8
2016-09-16,19.2,0.0,41.7,7
2016-09-17,20.4,0.024,28.9,8
2016-09-18,24.7,0.0,60.7,5
2016-09-19,22.6,19.386,83.6,1
2016-09-20,23.8,0.0,65.2,4
2016-09-21,24.2,0.0,34.8,7
2016-09-22,23.4,0.0,16.0,8
2016-09-23,24.0,0.0,19.1,7
2016-09-24,18.2,7.649,59.4,6
2016-09-25,16.7,0.0,5.9,8
2016-09-26,17.9,0.147,48.2,6
2016-09-27,20.4,4.862,55.1,4
2016-09-28,17.8,0.0,69.8,5
2016-09-29,16.5,0.065,99.0,3
2016-09-30,14.9,9.879,100.0,1
2016-10-01,15.2,0.048,100.0,1
2016-10-02,15.7,0.0,100.0,2
2016-10-03,18.6,0.0,87.5,6
2016-10-04,18.2,0.0,83.5,4
2016-10-05,15.6,0.0,21.5,7
2016-10-06,17.2,0.0,5.9,7
2016-10-07,17.8,0.0,13.3,7
2016-10-08,17.6,5.082,68.7,2
2016-10-09,14.3,13.376,81.7,1
2016-10-10,12.2,0.0,7.9,7
2016-10-11,12.1,0.0,12.6,7
2016-10-12,15.0,0.0,46.6,5
2016-10-13,15.9,0.048,44.8,5
2016-10-14,12.2,0.0,7.7,7
2016-10-15,12.6,0.0,10.3,6
2016-10-16,16.2,0.0,32.7,6
2016-10-17,21.8,0.0,51.3,6
2016-10-18,23.1,0.0,16.1,6
2016-10-19,24.0,0.0,32.6,5
2016-10-20,19.1,0.0,72.6,4
2016-10-21,19.9,27.835,86.1,2
2016-10-22,8.9,9.471,99.2,2
2016-10-23,11.1,0.0,29.7,6
2016-10-24,13.2,0.0,52.6,6
2016-10-25,7.8,0.0,51.8,5
2016-10-26,5.0,0.0,22.7,6
2016-10-27,5.9,31.985,97.4,1
2016-10-28,5.6,0.265,63.3,4
2016-10-29,10.8,0.024,36.6,5
2016-10-30,18.3,14.557,84.3,4
2016-10-31,9.1,0.0,37.3,6
2016-11-01,9.6,0.0,32.9,5
2016-11-02,16.4,0.0,47.6,5
2016-11-03,18.1,0.0,46.7,3
2016-11-04,13.4,0.0,27.8,5
2016-11-05,11.4,0.0,19.2,5
2016-11-06,11.6,0.0,27.1,5
2016-11-07,7.3,0.0,4.8,6
2016-11-08,12.3,0.0,17.7,5
2016-11-09,12.9,2.029,81.3,2
2016-11-10,8.6,0.0,36.5,5
2016-11-11,10.3,0.0,15.8,5
2016-11-12,4.3,0.0,11.6,5
2016-11-13,9.4,0.0,14.2,5
2016-11-14,12.1,0.0,24.7,5
2016-11-15,8.9,48.734,97.5,2
2016-11-16,11.1,0.0,26.6,5
2016-11-17,12.6,0.0,12.7,4
2016-11-18,11.9,0.0,4.6,5
2016-11-19,12.0,2.02,33.3,5
2016-11-20,-0.4,11.291,98.4,4
2016-11-21,-1.2,0.0,89.3,3
2016-11-22,-0.7,0.0,74.2,4
2016-11-23,1.6,0.0,32.9,5
2016-11-24,5.2,0.627,86.7,4
2016-11-25,9.5,0.485,99.4,3
2016-11-26,6.7,0.0,62.2,4
2016-11-27,4.6,0.0,33.7,3
2016-11-28,6.3,0.0,17.5,5
2016-11-29,13.6,55.244,96.1,1
2016-11-30,12.5,19.275,69.0,1
2016-12-01,9.6,3.936,63.9,4
2016-12-02,4.8,0.0,46.5,5
2016-12-03,3.4,0.0,75.4,4
2016-12-04,3.4,0.0,51.0,4
2016-12-05,4.3,4.153,63.2,3
2016-12-06,3.8,9.389,57.9,3
2016-12-07,4.1,1.631,90.1,1
2016-12-08,2.2,0.0,59.8,3
2016-12-09,-3.6,0.0,34.7,4
2016-12-10,-4.2,0.0,41.2,3
2016-12-11,-2.9,0.72,68.9,4
2016-12-12,2.5,12.889,72.3,2
2016-12-13,2.4,0.0,50.3,4
2016-12-14,0.9,0.0,41.7,4
2016-12-15,-10.3,0.0,44.3,4
2016-12-16,-10.8,0.0,37.6,4
2016-12-17,-2.2,18.026,99.2,1
2016-12-18,5.1,1.242,85.6,1
2016-12-19,-7.7,0.0,30.7,5
2016-12-20,-4.7,0.0,15.5,4
2016-12-21,-0.1,0.0,37.3,4
2016-12-22,3.1,0.0,59.1,4
2016-12-23,3.2,0.0,29.6,4
2016-12-24,3.7,12.309,73.0,1
2016-12-25,3.8,0.0,9.6,4
2016-12-26,1.0,0.308,80.6,2
2016-12-27,11.9,0.048,60.0,3
2016-12-28,0.7,0.0,64.3,4
2016-12-29,2.0,9.777,62.8,1
2016-12-30,-1.5,0.185,37.4,4
2016-12-31,-0.4,0.0,48.8,3
2017-01-01,4.9,0.0,30.0,4
2017-01-02,0.3,4.944,72.3,1
2017-01-03,1.4,13.653,99.1,1
2017-01-04,4.5,0.752,57.4,3
2017-01-05,-5.7,0.0,33.7,3
2017-01-06,-4.6,1.303,53.8,4
2017-01-07,-11.0,7.406,81.8,1
2017-01-08,-13.1,0.0,33.8,5
2017-01-09,-11.7,0.0,27.6,4
2017-01-10,-3.4,0.0,50.2,4
2017-01-11,6.3,9.916,53.9,4
2017-01-12,14.4,4.627,66.7,2
2017-01-13,5.7,0.0,29.1,5
2017-01-14,-3.2,2.682,58.0,4
2017-01-15,-1.7,0.0,27.2,5
2017-01-16,0.8,0.0,27.1,5
2017-01-17,2.4,9.053,94.6,1
2017-01-18,1.7,2.304,97.5,1
2017-01-19,4.8,0.0,68.1,5
2017-01-20,4.1,2.643,92.5,3
2017-01-21,5.5,0.0,85.3,2
2017-01-22,5.6,0.93,95.4,2
2017-01-23,-0.7,23.177,94.3,1
2017-01-24,-1.8,32.072,87.3,1
2017-01-25,3.7,0.108,43.8,5
2017-01-26,7.6,0.589,72.0,3
2017-01-27,1.3,0.0,68.6,3
2017-01-28,-1.5,0.0,86.3,3
2017-01-29,0.8,0.0,44.1,5
2017-01-30,-2.3,0.0,55.2,5
2017-01-31,-4.1,1.497,72.3,3
2017-02-01,2.6,0.0,60.0,5
2017-02-02,0.8,0.0,47.9,5
2017-02-03,-5.4,0.0,38.4,4
2017-02-04,-7.2,0.0,15.0,6
2017-02-05,-0.7,0.0,64.7,4
2017-02-06,3.0,0.0,35.9,6
2017-02-07,0.6,6.609,80.4,2
2017-02-08,8.0,0.787,52.6,6
2017-02-09,-7.8,23.965,71.3,2
2017-02-10,-9.1,0.0,28.7,6
2017-02-11,2.4,0.0,56.1,5
2017-02-12,-2.5,11.513,78.7,1
2017-02-13,-3.4,0.375,56.8,6
2017-02-14,-1.8,0.0,22.4,5
2017-02-15,1.9,0.0,51.6,5
2017-02-16,-5.0,0.0,52.4,5
2017-02-17,-3.3,0.0,15.6,7
2017-02-18,8.8,0.0,17.3,6
2017-02-19,15.0,0.0,23.5,5
2017-02-20,7.5,0.0,8.2,7
2017-02-21,2.3,0.0,21.6,6
2017-02-22,8.4,0.0,48.2,5
2017-02-23,12.0,0.0,36.7,6
2017-02-24,16.7,0.0,22.9,6
2017-02-25,12.7,9.224,69.2,5
2017-02-26,0.4,3.267,56.1,7
2017-02-27,5.4,0.0,26.7,5
2017-02-28,10.5,0.0,77.0,7
2017-03-01,16.0,3.251,65.6,4
2017-03-02,6.1,0.0,19.0,7
2017-03-03,-4.0,0.0,28.4,6
2017-03-04,-10.7,0.0,34.0,6
2017-03-05,-8.7,0.0,5.1,8
2017-03-06,-0.1,0.0,42.8,7
2017-03-07,7.8,2.288,73.8,4
2017-03-08,12.4,0.728,51.7,8
2017-03-09,12.8,0.0,27.7,8
2017-03-10,-1.9,7.197,68.0,4
2017-03-11,-11.5,0.0,54.4,6
2017-03-12,-10.0,0.0,22.7,8
2017-03-13,-5.6,0.0,27.1,8
2017-03-14,-7.9,41.112,86.4,1
2017-03-15,-11.6,0.0,55.3,7
2017-03-16,-5.2,0.0,19.9,8
2017-03-17,-0.4,0.0,14.5,8
2017-03-18,-1.2,1.93,66.8,3
2017-03-19,0.9,0.0,33.4,8
2017-03-20,4.0,0.0,33.1,8
2017-03-21,9.5,0.0,68.1,7
2017-03-22,-2.1,0.0,14.5,9
2017-03-23,-3.2,0.0,3.8,9
2017-03-24,5.7,0.0,54.4,4
2017-03-25,11.0,0.232,50.7,5
2017-03-26,1.2,2.964,89.0,2
2017-03-27,5.1,6.389,86.1,3
2017-03-28,4.1,18.834,93.2,2
2017-03-29,8.4,0.0,50.4,9
2017-03-30,4.6,0.185,42.7,8
2017-03-31,1.4,43.316,91.2,1
2017-04-01,1.8,0.955,93.8,3
2017-04-02,9.8,0.0,34.1,9
2017-04-03,12.6,0.0,37.5,8
2017-04-04,7.8,34.228,95.4,3
2017-04-05,10.2,0.0,65.0,8
2017-04-06,4.7,19.987,81.5,2
2017-04-07,5.4,0.0,65.8,4
2017-04-08,6.7,0.0,41.0,9
2017-04-09,11.8,0.0,15.8,9
2017-04-10,17.8,0.0,32.0,8
2017-04-11,20.4,0.0,27.8,9
2017-04-12,18.8,0.687,35.4,6
2017-04-13,13.3,0.0,23.3,9
2017-04-14,13.2,0.0,28.7,9
2017-04-15,14.2,0.0,47.6,7
2017-04-16,22.1,0.208,36.4,8
2017-04-17,20.1,0.0,32.6,6
2017-04-18,13.3,0.0,14.7,9
2017-04-19,7.6,0.0,80.5,6
2017-04-20,13.3,4.183,83.1,5
2017-04-21,9.7,6.718,96.4,2
2017-04-22,11.1,2.449,87.3,1
2017-04-23,11.7,0.0,24.2,9
2017-04-24,12.3,0.0,56.2,4
2017-04-25,11.1,20.7,93.9,3
2017-04-26,13.6,7.689,98.3,2
2017-04-27,16.4,0.066,88.2,6
2017-04-28,20.7,0.0,50.7,9
2017-04-29,24.2,1.864,33.6,7
2017-04-30,15.7,0.0,87.8,5
2017-05-01,14.8,0.0,67.7,6
2017-05-02,21.0,0.0,59.7,6
2017-05-03,16.2,0.0,53.4,6
2017-05-04,12.6,0.0,20.4,9
2017-05-05,13.0,74.094,85.0,2
2017-05-06,15.6,3.642,74.2,6
2017-05-07,11.1,0.185,67.9,6
2017-05-08,10.1,0.0,59.9,8
2017-05-09,11.6,0.0,49.8,8
2017-05-10,13.5,0.0,51.1,8
2017-05-11,12.7,0.0,33.0,9
2017-05-12,12.6,0.0,34.6,5
2017-05-13,9.1,40.859,91.0,1
2017-05-14,12.4,2.192,60.4,8
2017-05-15,15.9,0.0,46.3,6
2017-05-16,20.1,0.0,19.6,9
2017-05-17,25.7,0.0,17.8,9
2017-05-18,29.4,0.0,28.3,8
2017-05-19,28.8,0.0,24.0,9
2017-05-20,16.5,0.252,54.5,2
2017-05-21,15.6,0.0,29.3,10
2017-05-22,14.3,15.883,92.9,1
2017-05-23,17.2,0.0,43.5,7
2017-05-24,16.8,0.963,66.2,6
2017-05-25,14.0,14.925,89.6,1
2017-05-26,18.1,6.98,71.0,7
2017-05-27,19.0,0.0,55.1,5
2017-05-28,17.7,0.0,48.3,7
2017-05-29,14.4,3.619,87.2,3
2017-05-30,14.1,1.618,97.4,4
2017-05-31,18.3,1.301,63.1,6
2017-06-01,21.1,0.0,33.3,8
2017-06-02,20.1,0.185,20.1,9
2017-06-03,18.4,0.312,37.3,9
2017-06-04,17.3,0.412,41.3,8
2017-06-05,16.9,2.358,85.4,5
2017-06-06,13.4,1.388,93.2,2
2017-06-07,15.3,0.0,61.2,5
2017-06-08,16.7,0.0,21.4,8
2017-06-09,20.3,0.0,29.0,9
2017-06-10,24.7,0.0,27.4,9
2017-06-11,28.0,0.0,17.0,9
2017-06-12,29.4,0.0,6.6,10
2017-06-13,31.1,0.0,25.8,9
2017-06-14,24.5,8.041,53.2,9
2017-06-15,20.9,0.0,28.1,9
2017-06-16,18.9,0.0,84.5,2
2017-06-17,20.4,35.107,95.0,2
2017-06-18,26.1,0.0,61.9,6
2017-06-19,26.7,32.823,47.1,9
2017-06-20,24.8,1.94,41.4,9
2017-06-21,25.4,0.0,28.9,8
2017-06-22,24.7,0.0,18.5,9
2017-06-23,28.2,2.471,46.1,7
2017-06-24,26.0,32.913,34.3,9
2017-06-25,24.7,0.0,38.3,8
2017-06-26,22.5,0.0,28.1,9
2017-06-27,21.2,4.016,46.7,9
2017-06-28,21.6,0.0,23.4,9
2017-06-29,24.2,0.0,28.6,9
2017-06-30,28.1,0.0,37.8,9
2017-07-01,25.9,5.905,43.7,7
2017-07-02,27.0,0.0,42.8,8
2017-07-03,27.2,4.608,31.7,9
2017-07-04,25.0,0.0,48.4,9
2017-07-05,24.6,0.0,31.0,8
2017-07-06,23.0,0.0,55.6,5
2017-07-07,22.8,54.324,71.9,4
2017-07-08,25.4,0.0,35.8,9
2017-07-09,24.2,0.0,26.3,9
2017-07-10,25.4,0.0,34.5,8
2017-07-11,27.8,0.16,53.1,7
2017-07-12,29.9,0.047,42.0,7
2017-07-13,30.5,0.128,39.6,7
2017-07-14,20.3,9.482,98.4,3
2017-07-15,24.2,0.115,68.3,8
2017-07-16,25.3,0.0,13.5,9
2017-07-17,26.6,0.0,31.0,7
2017-07-18,28.0,0.0,19.8,8
2017-07-19,30.1,0.0,18.2,8
2017-07-20,31.2,0.185,30.9,8
2017-07-21,29.8,0.0,36.1,9
2017-07-22,29.3,0.065,38.1,9
2017-07-23,23.6,15.027,70.8,6
2017-07-24,20.2,20.022,87.0,7
2017-07-25,19.1,0.048,92.3,5
2017-07-26,21.2,0.0,48.4,6
2017-07-27,22.3,0.0,59.2,6
2017-07-28,25.5,0.0,45.0,7
2017-07-29,22.4,0.0,63.1,6
2017-07-30,22.7,0.0,6.7,9
2017-07-31,25.1,0.0,14.8,9
2017-08-01,27.4,0.0,8.3,9
2017-08-02,25.1,5.903,31.6,8
2017-08-03,25.2,0.048,31.1,8
2017-08-04,25.4,9.781,34.1,8
2017-08-05,23.7,8.187,64.0,8
2017-08-06,21.4,0.0,14.5,9
2017-08-07,19.9,17.009,69.7,1
2017-08-08,21.8,0.0,59.9,5
2017-08-09,23.8,0.0,14.0,9
2017-08-10,24.3,0.0,22.4,8
2017-08-11,23.8,0.067,45.5,8
2017-08-12,21.9,3.072,76.1,6
2017-08-13,25.1,0.0,35.4,9
2017-08-14,24.1,0.0,35.8,6
2017-08-15,22.3,11.677,78.4,3
2017-08-16,25.3,0.0,35.3,8
2017-08-17,24.1,0.0,38.3,8
2017-08-18,25.3,20.683,68.0,5
2017-08-19,26.9,0.813,36.5,8
2017-08-20,24.9,0.0,16.0,9
2017-08-21,26.7,0.0,25.5,8
2017-08-22,29.4,0.447,33.8,8
2017-08-23,24.5,8.453,42.0,9
2017-08-24,22.9,0.0,14.2,8
2017-08-25,21.6,0.0,39.2,8
2017-08-26,21.1,0.0,8.1,8
2017-08-27,20.8,0.0,18.5,7
2017-08-28,20.7,0.0,27.1,8
2017-08-29,18.5,6.261,61.9,3
2017-08-30,20.4,1.499,42.6,8
2017-08-31,22.3,0.128,29.1,8
2017-09-01,17.8,0.0,21.8,9
2017-09-02,16.3,11.374,33.1,8
2017-09-03,17.5,19.362,82.2,3
2017-09-04,21.5,0.0,12.3,8
2017-09-05,24.8,0.127,31.9,8
2017-09-06,19.3,9.037,78.5,2
2017-09-07,18.5,1.981,51.4,7
2017-09-08,18.4,0.0,26.0,8
2017-09-09,16.8,0.0,20.8,8
2017-09-10,18.1,0.0,16.8,8
2017-09-11,19.2,0.0,20.9,8
2017-09-12,21.4,0.0,32.6,8
2017-09-13,22.1,1.722,44.4,7
2017-09-14,23.9,0.308,63.4,5
2017-09-15,23.8,0.0,41.4,7
2017-09-16,23.5,0.0,40.0,6
2017-09-17,22.8,0.0,55.9,5
2017-09-18,21.7,0.0,92.7,4
2017-09-19,22.5,4.718,89.4,6
2017-09-20,23.9,0.0,64.4,3
2017-09-21,24.3,0.0,27.0,6
2017-09-22,23.5,0.0,27.7,7
2017-09-23,24.8,0.0,12.4,7
2017-09-24,26.3,0.0,2.7,7
2017-09-25,25.8,0.0,7.2,7
2017-09-26,23.5,0.0,38.9,6
2017-09-27,25.5,0.0,31.4,5
2017-09-28,22.5,0.0,33.1,7
2017-09-29,16.6,0.0,24.2,7
2017-09-30,15.4,0.0,65.5,6
2017-10-01,15.2,0.0,25.0,7
2017-10-02,16.8,0.0,3.4,7
2017-10-03,16.8,0.0,21.6,6
2017-10-04,18.6,0.0,11.5,7
2017-10-05,22.8,0.0,53.5,7
2017-10-06,23.0,0.0,31.9,6
2017-10-07,22.7,0.0,36.3,6
2017-10-08,23.7,6.471,65.0,2
2017-10-09,23.3,6.39,74.5,1
2017-10-10,23.4,0.0,20.1,6
2017-10-11,20.5,1.212,40.9,4
2017-10-12,15.8,1.748,61.9,2
2017-10-13,15.2,0.0,69.1,4
2017-10-14,19.0,1.887,91.6,5
2017-10-15,20.6,0.0,91.3,5
2017-10-16,14.9,0.3,40.3,6
2017-10-17,9.6,0.0,2.5,7
2017-10-18,15.6,0.0,1.2,6
2017-10-19,17.4,0.0,10.6,6
2017-10-20,18.5,0.0,12.7,6
2017-10-21,18.9,0.0,17.9,6
2017-10-22,18.6,0.0,21.1,6
2017-10-23,19.8,0.0,62.7,4
2017-10-24,21.0,4.49,88.8,1
2017-10-25,17.1,0.0,47.8,5
2017-10-26,13.1,0.0,62.9,4
2017-10-27,12.1,0.0,9.0,6
2017-10-28,16.3,0.0,29.0,6
2017-10-29,17.5,77.557,91.8,1
2017-10-30,11.8,7.92,47.8,5
2017-10-31,10.4,0.0,15.3,6
2017-11-01,10.3,0.0,65.4,3
2017-11-02,18.1,0.0,54.5,5
2017-11-03,18.5,0.0,32.5,5
2017-11-04,10.2,0.0,32.0,5
2017-11-05,13.6,1.195,89.6,2
2017-11-06,15.9,0.184,69.6,1
2017-11-07,4.4,16.496,51.5,5
2017-11-08,4.2,0.592,72.6,2
2017-11-09,8.2,0.0,59.4,3
2017-11-10,-1.5,0.233,22.8,6
2017-11-11,-4.0,0.0,18.6,6
2017-11-12,3.6,0.0,27.9,5
2017-11-13,4.7,1.868,57.2,1
2017-11-14,3.1,0.0,52.3,4
2017-11-15,4.7,0.0,61.1,5
2017-11-16,10.1,8.171,55.8,4
2017-11-17,2.9,0.0,27.1,5
2017-11-18,6.3,2.904,44.8,3
2017-11-19,9.1,6.037,66.4,5
2017-11-20,2.2,0.0,51.4,4
2017-11-21,8.6,0.0,24.9,5
2017-11-22,7.6,4.665,59.1,2
2017-11-23,0.3,0.0,9.2,5
2017-11-24,4.6,0.0,2.9,5
2017-11-25,9.0,0.0,23.5,5
2017-11-26,5.0,0.0,35.8,5
2017-11-27,4.4,0.0,20.0,5
2017-11-28,6.0,0.0,19.3,5
2017-11-29,10.8,0.0,14.5,5
2017-11-30,5.6,0.048,39.0,3
2017-12-01,7.4,0.653,27.6,4
2017-12-02,5.3,0.0,22.6,4
2017-12-03,6.7,0.0,73.4,3
2017-12-04,6.5,0.0,35.6,3
2017-12-05,13.0,16.592,65.8,1
2017-12-06,5.3,0.338,48.9,4
2017-12-07,1.9,0.0,30.8,5
2017-12-08,-0.3,0.0,47.4,3
2017-12-09,-2.2,10.589,90.8,1
2017-12-10,-2.7,0.0,36.4,5
2017-12-11,0.2,0.0,57.6,4
2017-12-12,3.2,0.0,68.9,2
2017-12-13,-9.7,0.0,42.5,4
2017-12-14,-7.0,2.162,51.7,4
2017-12-15,-7.6,2.915,46.3,3
2017-12-16,-4.7,0.0,56.9,4
2017-12-17,0.1,0.0,68.3,3
2017-12-18,2.8,0.658,91.3,3
2017-12-19,9.5,0.0,58.7,4
2017-12-20,3.8,0.0,30.9,3
2017-12-21,-0.2,0.0,24.0,4
2017-12-22,3.2,0.0,73.4,1
2017-12-23,3.4,13.004,91.8,0
2017-12-24,0.3,0.185,40.0,3
2017-12-25,-4.0,5.709,63.2,4
2017-12-26,-9.1,0.0,19.7,4
2017-12-27,-11.8,0.0,40.3,4
2017-12-28,-16.5,0.0,10.2,5
2017-12-29,-14.8,0.0,39.7,4
2017-12-30,-10.8,2.14,57.5,2
2017-12-31,-17.0,1.624,20.2,4
2018-01-01,-17.9,0.0,7.4,5
2018-01-02,-13.8,0.0,16.8,5
2018-01-03,-7.9,0.0,29.8,4
2018-01-04,-11.2,17.424,98.1,1
2018-01-05,-19.6,14.625,20.1,5
2018-01-06,-21.1,0.0,7.7,5
2018-01-07,-17.8,0.0,25.6,5
2018-01-08,-9.0,4.472,82.5,3
2018-01-09,-1.2,0.0,22.8,5
2018-01-10,-0.3,0.0,35.7,5
2018-01-11,6.1,0.0,82.6,2
2018-01-12,12.2,13.741,99.9,0
2018-01-13,-1.8,2.723,53.1,5
2018-01-14,-13.8,0.0,12.1,5
2018-01-15,-10.8,0.0,45.8,5
2018-01-16,-3.6,0.0,96.1,2
2018-01-17,-3.8,3.55,93.2,2
2018-01-18,-8.8,0.0,7.6,5
2018-01-19,-3.4,0.0,22.1,4
2018-01-20,4.2,0.0,24.7,6
2018-01-21,6.9,0.0,45.7,5
2018-01-22,4.1,0.233,95.4,3
2018-01-23,8.0,7.477,81.6,3
2018-01-24,-0.4,0.0,51.3,6
2018-01-25,-6.8,0.0,16.0,6
2018-01-26,-2.4,0.0,17.3,6
2018-01-27,6.5,0.0,26.9,5
2018-01-28,9.3,5.857,89.4,2
2018-01-29,2.1,0.0,66.1,3
2018-01-30,-4.7,2.556,90.4,2
2018-01-31,-7.9,0.0,22.5,6
2018-02-01,1.9,0.514,78.8,3
2018-02-02,-8.1,5.207,69.6,5
2018-02-03,-10.1,0.0,27.0,5
2018-02-04,0.6,23.655,99.1,3
2018-02-05,-3.4,0.48,28.7,6
2018-02-06,-1.9,0.0,59.5,3
2018-02-07,-2.7,21.723,79.4,1
2018-02-08,-6.0,0.0,49.2,6
2018-02-09,-3.5,0.0,51.8,5
2018-02-10,5.9,14.518,89.4,3
2018-02-11,9.4,31.462,99.9,1
2018-02-12,4.9,0.0,62.9,4
2018-02-13,-3.7,0.0,36.3,6
2018-02-14,5.0,0.622,88.1,5
2018-02-15,10.9,3.812,77.6,2
2018-02-16,9.9,3.698,74.9,2
2018-02-17,-2.0,12.19,51.2,7
2018-02-18,0.9,1.521,39.4,7
2018-02-19,5.1,1.112,65.8,4
2018-02-20,13.4,0.0,71.0,5
2018-02-21,18.6,1.005,62.0,5
2018-02-22,4.6,3.824,100.0,1
2018-02-23,0.7,1.731,100.0,1
2018-02-24,7.1,1.598,89.1,3
2018-02-25,3.3,19.686,100.0,1
2018-02-26,7.0,0.0,42.6,4
2018-02-27,7.0,0.0,4.1,7
2018-02-28,9.5,0.0,34.1,7
2018-03-01,12.0,6.925,58.6,4
2018-03-02,-1.7,50.299,100.0,1
2018-03-03,0.8,0.0,78.0,8
2018-03-04,0.3,0.0,85.2,5
2018-03-05,-1.0,0.0,68.3,6
2018-03-06,1.7,0.0,36.4,8
2018-03-07,-3.3,29.904,100.0,1
2018-03-08,-1.1,0.235,76.3,5
2018-03-09,-2.3,0.0,71.3,5
2018-03-10,-1.8,0.0,64.0,6
2018-03-11,0.7,0.0,21.4,8
2018-03-12,-0.5,0.248,50.2,6
2018-03-13,-2.3,8.016,83.7,3
2018-03-14,-3.3,0.185,53.6,8
2018-03-15,-0.9,0.0,60.0,8
2018-03-16,-2.6,0.0,36.1,7
2018-03-17,-1.3,0.0,11.9,8
2018-03-18,-0.7,0.0,3.9,8
2018-03-19,1.5,0.0,16.8,8
2018-03-20,-2.4,0.0,68.1,2
2018-03-21,-3.9,20.233,100.0,1
2018-03-22,1.3,3.2,64.8,9
2018-03-23,2.6,0.0,54.0,9
2018-03-24,3.1,0.0,36.7,9
2018-03-25,0.5,0.0,68.8,6
2018-03-26,1.9,0.0,6.7,8
2018-03-27,2.7,0.0,43.9,5
2018-03-28,6.0,1.134,94.2,4
2018-03-29,9.8,0.792,100.0,2
2018-03-30,10.4,0.835,79.3,5
2018-03-31,6.5,0.0,19.0,9
2018-04-01,9.3,0.0,54.8,5
2018-04-02,0.8,13.427,79.2,4
2018-04-03,2.7,6.683,84.1,2
2018-04-04,7.2,1.567,79.1,3
2018-04-05,0.1,0.0,39.1,9
2018-04-06,7.1,2.561,75.3,6
2018-04-07,3.9,0.0,88.0,7
2018-04-08,-0.6,0.0,44.0,8
2018-04-09,0.8,0.0,51.1,9
2018-04-10,4.2,0.185,81.5,6
2018-04-11,5.5,0.0,39.5,9
2018-04-12,11.0,0.0,53.6,7
2018-04-13,20.2,0.0,31.9,8
2018-04-14,17.8,0.0,30.8,9
2018-04-15,1.2,9.908,100.0,2
2018-04-16,6.6,72.032,90.8,7
2018-04-17,3.4,0.0,95.8,4
2018-04-18,5.4,0.0,58.5,9
2018-04-19,4.0,3.844,87.7,4
2018-04-20,2.6,0.0,23.1,9
2018-04-21,9.1,0.0,19.6,9
2018-04-22,12.3,0.0,13.6,10
2018-04-23,12.2,0.0,11.6,10
2018-04-24,13.2,0.265,51.0,9
2018-04-25,13.4,16.869,100.0,2
2018-04-26,16.2,8.183,42.2,10
2018-04-27,12.3,1.52,78.0,2
2018-04-28,13.9,2.38,56.7,9
2018-04-29,10.7,3.014,85.5,10
2018-04-30,6.8,0.16,86.7,5
2018-05-01,17.7,0.0,29.7,10
2018-05-02,24.6,0.0,24.1,9
2018-05-03,26.3,0.375,37.5,9
2018-05-04,25.3,0.0,54.9,5
2018-05-05,20.5,0.0,45.4,8
2018-05-06,16.8,0.0,96.6,4
2018-05-07,17.2,0.0,50.0,9
2018-05-08,16.4,0.0,11.0,9
2018-05-09,17.2,0.0,15.6,9
2018-05-10,15.4,5.353,68.1,8
2018-05-11,18.6,0.0,41.7,9
2018-05-12,13.7,5.281,100.0,2
2018-05-13,11.6,3.294,100.0,2
2018-05-14,15.2,1.17,75.3,8
2018-05-15,21.8,13.323,64.7,9
2018-05-16,16.3,9.118,99.0,2
2018-05-17,17.0,6.221,75.8,4
2018-05-18,17.3,0.0,67.8,5
2018-05-19,12.1,16.752,100.0,1
2018-05-20,21.0,0.0,84.0,6
2018-05-21,19.9,0.0,24.7,8
2018-05-22,16.8,6.53,78.2,2
2018-05-23,20.7,6.743,62.8,9
2018-05-24,22.8,0.0,5.7,10
2018-05-25,24.6,0.0,15.4,9
2018-05-26,27.5,0.0,30.0,8
2018-05-27,18.2,13.528,90.7,3
2018-05-28,16.1,0.0,100.0,6
2018-05-29,23.9,0.0,58.7,9
2018-05-30,19.9,0.0,59.9,9
2018-05-31,18.5,1.937,98.4,2
2018-06-01,21.9,1.033,78.5,9
2018-06-02,25.8,5.421,48.9,9
2018-06-03,16.6,1.592,94.9,3
2018-06-04,15.7,9.7,81.2,8
2018-06-05,19.2,0.0,38.7,9
2018-06-06,17.5,0.0,92.4,8
2018-06-07,17.8,0.0,71.0,9
2018-06-08,22.1,0.0,45.4,9
2018-06-09,23.4,0.0,28.9,9
2018-06-10,19.7,0.144,90.6,2
2018-06-11,17.7,0.666,48.3,9
2018-06-12,18.6,0.0,18.8,9
2018-06-13,21.4,0.928,82.6,3
2018-06-14,24.3,0.08,25.7,9
2018-06-15,21.2,0.0,46.9,10
2018-06-16,23.2,0.0,17.3,10
2018-06-17,25.3,0.0,23.6,9
2018-06-18,28.7,2.16,43.6,9
2018-06-19,27.5,2.087,41.3,10
2018-06-20,24.2,0.0,54.2,9
2018-06-21,23.6,17.739,69.4,9
2018-06-22,21.2,0.048,59.2,6
2018-06-23,18.0,2.628,99.8,2
2018-06-24,23.8,0.115,86.2,9
2018-06-25,23.6,0.0,40.8,10
2018-06-26,21.2,0.0,23.6,9
2018-06-27,21.1,0.59,75.6,3
2018-06-28,24.3,31.706,77.6,7
2018-06-29,27.1,0.0,18.2,9
2018-06-30,29.0,0.0,15.1,9
2018-07-01,32.9,0.0,21.9,9
2018-07-02,32.4,0.0,9.3,9
2018-07-03,30.7,0.592,32.8,8
2018-07-04,28.7,0.195,58.4,9
2018-07-05,29.6,0.0,45.7,8
2018-07-06,26.0,5.261,62.5,3
2018-07-07,20.8,0.0,12.6,10
2018-07-08,22.4,0.0,10.0,10
2018-07-09,24.8,0.0,7.2,9
2018-07-10,27.9,0.0,10.7,9
2018-07-11,26.9,0.0,53.1,9
2018-07-12,23.8,14.261,60.5,10
2018-07-13,24.7,0.0,21.1,9
2018-07-14,27.0,0.0,33.4,9
2018-07-15,24.8,26.438,57.1,6
2018-07-16,30.1,0.0,23.7,9
2018-07-17,27.1,51.177,62.3,9
2018-07-18,24.5,0.0,35.8,9
2018-07-19,23.4,0.0,3.7,10
2018-07-20,23.8,0.0,25.9,9
2018-07-21,22.1,7.798,62.1,9
2018-07-22,23.8,29.665,98.4,7
2018-07-23,25.3,4.611,97.1,7
2018-07-24,26.7,0.308,94.5,8
2018-07-25,24.4,17.114,99.3,5
2018-07-26,26.6,2.024,63.8,7
2018-07-27,26.6,8.979,52.5,8
2018-07-28,26.0,0.0,44.8,9
2018-07-29,25.1,0.0,42.5,8
2018-07-30,23.6,5.787,34.3,5
2018-07-31,23.7,0.0,40.5,8
2018-08-01,28.1,2.264,82.5,8
2018-08-02,29.1,10.83,54.8,7
2018-08-03,26.0,7.053,64.9,7
2018-08-04,26.8,22.068,67.9,8
2018-08-05,29.3,0.0,14.0,9
2018-08-06,31.7,0.0,26.4,8
2018-08-07,30.2,1.073,45.1,9
2018-08-08,29.9,0.0,31.5,9
2018-08-09,28.5,12.848,41.9,9
2018-08-10,27.3,0.0,35.8,8
2018-08-11,23.8,60.355,91.1,3
2018-08-12,25.4,0.0,73.1,8
2018-08-13,23.1,19.678,97.3,3
2018-08-14,23.7,16.09,57.9,7
2018-08-15,26.8,0.0,36.3,9
2018-08-16,29.5,0.0,22.7,8
2018-08-17,30.6,3.758,43.1,7
2018-08-18,26.1,20.424,69.0,6
2018-08-19,21.7,1.112,98.8,2
2018-08-20,21.6,0.0,94.8,2
2018-08-21,22.5,0.179,70.6,8
2018-08-22,25.1,18.436,73.3,7
2018-08-23,22.7,0.0,38.5,9
2018-08-24,23.4,0.0,8.5,9
2018-08-25,23.2,0.0,31.2,8
2018-08-26,25.3,0.0,47.5,8
2018-08-27,28.9,0.0,35.1,8
2018-08-28,33.5,0.0,22.8,8
2018-08-29,34.2,0.0,7.9,8
2018-08-30,31.1,0.0,25.6,8
2018-08-31,23.5,0.749,94.8,2
2018-09-01,22.7,0.0,84.4,7
2018-09-02,23.9,0.0,55.6,7
2018-09-03,30.4,0.0,45.2,8
2018-09-04,31.3,0.0,31.1,8
2018-09-05,30.2,0.0,22.6,8
2018-09-06,30.0,7.148,42.6,7
2018-09-07,23.3,0.0,89.8,2
2018-09-08,19.9,0.485,82.5,3
2018-09-09,15.3,9.85,98.7,1
2018-09-10,15.6,23.524,100.0,2
2018-09-11,20.1,1.204,99.7,3
2018-09-12,23.2,4.089,99.8,3
2018-09-13,22.3,4.812,99.9,4
2018-09-14,22.1,0.224,100.0,3
2018-09-15,22.5,0.0,44.1,5
2018-09-16,24.0,0.0,18.5,8
2018-09-17,23.3,0.238,73.6,5
2018-09-18,23.8,32.052,81.4,3
2018-09-19,23.6,0.0,41.4,7
2018-09-20,20.0,0.055,97.4,4
2018-09-21,21.1,0.0,99.8,2
2018-09-22,21.2,0.0,46.3,9
2018-09-23,17.4,0.0,83.0,3
2018-09-24,17.2,0.0,74.3,7
2018-09-25,19.1,44.667,97.3,1
2018-09-26,24.6,4.333,86.1,5
2018-09-27,19.7,0.0,65.2,7
2018-09-28,16.2,21.833,81.7,3
2018-09-29,18.1,0.0,28.7,7
2018-09-30,17.3,0.0,15.5,7
2018-10-01,20.9,0.0,70.5,5
2018-10-02,22.3,5.849,80.0,7
2018-10-03,20.3,10.032,41.4,7
2018-10-04,20.8,0.84,54.5,6
2018-10-05,18.7,0.0,58.4,6
2018-10-06,18.4,0.048,99.9,1
2018-10-07,22.8,0.0,78.0,4
2018-10-08,19.5,0.0,98.3,1
2018-10-09,21.9,0.0,89.3,3
2018-10-10,23.2,0.0,61.5,5
2018-10-11,22.7,18.586,91.1,2
2018-10-12,15.8,12.292,56.1,7
2018-10-13,10.6,2.249,62.6,4
2018-10-14,11.2,0.0,35.3,4
2018-10-15,16.1,0.952,96.8,1
2018-10-16,11.2,0.645,43.1,5
2018-10-17,11.5,0.0,36.7,7
2018-10-18,5.2,0.0,22.8,7
2018-10-19,9.6,0.0,19.0,6
2018-10-20,14.0,1.611,69.0,4
2018-10-21,5.0,0.08,64.2,5
2018-10-22,5.3,0.0,51.0,3
2018-10-23,12.2,0.0,66.0,6
2018-10-24,8.1,0.0,49.5,5
2018-10-25,4.4,0.0,14.9,6
2018-10-26,5.1,0.0,64.0,4
2018-10-27,5.8,29.776,100.0,1
2018-10-28,8.0,0.922,92.4,2
2018-10-29,10.5,1.879,86.5,3
2018-10-30,7.6,0.0,10.0,6
2018-10-31,12.5,0.0,36.9,6
2018-11-01,17.1,0.0,50.0,5
2018-11-02,19.5,4.303,87.1,1
2018-11-03,13.7,8.742,62.0,5
2018-11-04,8.1,0.0,15.0,6
2018-11-05,10.1,7.326,84.4,1
2018-11-06,12.2,18.76,91.0,1
2018-11-07,14.2,0.0,28.2,5
2018-11-08,9.1,0.0,20.7,5
2018-11-09,7.1,19.462,67.1,2
2018-11-10,2.4,1.335,44.2,4
2018-11-11,1.0,0.0,6.3,4
2018-11-12,5.4,0.402,39.1,4
2018-11-13,4.9,27.349,95.3,2
2018-11-14,-2.1,0.0,41.4,6
2018-11-15,-5.2,28.197,71.0,1
2018-11-16,-0.4,8.226,71.2,5
2018-11-17,2.6,0.0,77.0,4
2018-11-18,3.5,0.0,91.6,2
2018-11-19,7.1,0.0,67.4,4
2018-11-20,3.8,0.0,81.4,2
2018-11-21,-0.8,0.0,63.0,3
2018-11-22,-12.5,0.0,7.8,5
2018-11-23,-8.7,0.0,13.2,5
2018-11-24,1.4,20.471,79.3,1
2018-11-25,8.8,24.149,86.3,4
2018-11-26,7.9,22.129,88.7,1
2018-11-27,1.1,1.447,97.2,4
2018-11-28,-1.2,0.0,97.3,4
2018-11-29,0.9,0.0,79.3,4
2018-11-30,2.6,0.375,89.6,1
2018-12-01,3.4,1.231,52.7,4
2018-12-02,8.3,17.94,100.0,1
2018-12-03,10.7,0.0,65.2,5
2018-12-04,-1.2,0.0,38.1,5
2018-12-05,-3.8,0.0,23.8,4
2018-12-06,-2.6,0.0,46.2,4
2018-12-07,-3.3,0.0,23.5,5
2018-12-08,-5.5,0.0,36.6,5
2018-12-09,-2.5,0.0,30.6,3
2018-12-10,-3.1,0.0,12.6,5
2018-12-11,-2.0,0.0,22.7,3
2018-12-12,-1.4,0.0,63.1,4
2018-12-13,-1.8,0.981,83.9,1
2018-12-14,5.7,2.13,100.0,2
2018-12-15,7.9,4.308,88.5,1
2018-12-16,-0.5,35.315,100.0,0
2018-12-17,0.9,0.493,89.2,4
2018-12-18,-5.2,0.0,35.1,5
2018-12-19,-2.3,0.0,22.0,4
2018-12-20,3.5,5.87,55.1,3
2018-12-21,13.6,40.905,97.3,1
2018-12-22,4.3,0.497,90.4,2
2018-12-23,1.0,0.0,51.2,5
2018-12-24,1.0,2.867,81.4,4
2018-12-25,-2.0,0.0,41.9,4
2018-12-26,-0.3,0.0,48.8,4
2018-12-27,1.7,0.0,53.1,5
2018-12-28,10.0,29.164,99.7,1
2018-12-29,7.4,0.0,64.5,4
2018-12-30,-0.1,0.0,79.1,2
2018-12-31,3.5,24.601,79.6,2
2019-01-01,8.6,7.702,68.7,4
2019-01-02,-0.2,0.0,48.2,4
2019-01-03,2.2,0.0,66.1,3
2019-01-04,1.9,0.0,29.9,3
2019-01-05,3.4,13.085,78.7,1
2019-01-06,1.5,0.0,52.6,3
2019-01-07,-6.2,0.0,31.0,5
2019-01-08,3.4,1.558,91.9,1
2019-01-09,0.5,4.266,62.8,4
2019-01-10,-6.6,0.0,72.7,3
2019-01-11,-10.5,0.0,15.2,5
2019-01-12,-7.0,0.0,55.8,4
2019-01-13,-6.9,0.0,49.6,5
2019-01-14,-8.3,0.0,33.8,5
2019-01-15,-4.4,0.0,18.0,5
2019-01-16,-3.0,0.0,60.1,3
2019-01-17,-6.0,0.0,37.1,5
2019-01-18,-2.3,1.196,83.3,2
2019-01-19,-1.9,4.323,63.1,2
2019-01-20,-7.0,27.92,74.9,2
2019-01-21,-23.5,0.0,40.9,5
2019-01-22,-11.2,0.0,12.2,6
2019-01-23,0.1,0.0,73.4,2
2019-01-24,8.6,33.278,86.2,1
2019-01-25,-3.5,0.0,52.4,6
2019-01-26,-5.7,0.0,34.0,5
2019-01-27,2.0,0.0,52.8,5
2019-01-28,-6.4,0.0,28.5,4
2019-01-29,-2.3,5.735,70.9,1
2019-01-30,-13.2,0.834,26.1,6
2019-01-31,-21.6,0.0,8.4,6
2019-02-01,-14.8,0.0,35.1,4
2019-02-02,-8.7,0.0,32.0,5
2019-02-03,2.8,0.0,14.6,6
2019-02-04,8.3,0.0,10.6,6
2019-02-05,11.4,0.0,39.6,6
2019-02-06,1.9,9.165,46.4,5
2019-02-07,2.2,4.38,99.9,2
2019-02-08,4.0,10.109,57.1,5
2019-02-09,-9.3,0.0,9.3,6
2019-02-10,-5.9,0.0,32.1,6
2019-02-11,-2.0,0.0,82.6,3
2019-02-12,-6.2,17.858,86.4,1
2019-02-13,-2.5,2.951,64.1,5
2019-02-14,-0.2,0.0,48.0,7
2019-02-15,9.0,0.0,58.1,5
2019-02-16,-0.7,0.0,16.5,7
2019-02-17,-4.1,0.844,34.0,7
2019-02-18,-2.9,2.83,67.4,2
2019-02-19,-7.4,0.0,25.1,6
2019-02-20,-5.7,10.331,72.9,1
2019-02-21,2.4,8.111,54.5,7
2019-02-22,1.0,0.0,31.4,5
2019-02-23,-0.5,0.048,44.4,3
2019-02-24,1.8,16.833,91.6,2
2019-02-25,-3.2,0.0,51.1,7
2019-02-26,-7.9,0.0,17.4,7
2019-02-27,-8.0,0.0,84.3,5
2019-02-28,-5.2,0.793,42.2,8
2019-03-01,-5.2,2.408,84.8,2
2019-03-02,-2.0,12.784,95.1,4
2019-03-03,-0.2,10.475,61.5,6
2019-03-04,-3.7,11.15,74.6,8
2019-03-05,-9.0,0.0,26.6,8
2019-03-06,-12.7,0.0,35.8,8
2019-03-07,-9.5,0.0,40.0,6
2019-03-08,-2.8,0.0,39.4,6
2019-03-09,1.8,0.0,38.4,8
2019-03-10,0.3,14.267,90.7,1
2019-03-11,6.4,0.0,27.0,8
2019-03-12,-0.7,0.0,46.5,9
2019-03-13,2.0,0.0,25.9,7
2019-03-14,8.0,0.0,46.0,7
2019-03-15,15.0,9.812,54.7,4
2019-03-16,6.6,0.0,55.9,8
2019-03-17,0.3,0.0,22.5,9
2019-03-18,2.0,0.0,38.1,8
2019-03-19,4.2,0.0,26.5,8
2019-03-20,5.6,0.0,14.8,8
2019-03-21,3.9,12.657,80.3,2
2019-03-22,2.9,23.4,73.0,5
2019-03-23,0.4,0.0,34.2,9
2019-03-24,8.1,0.0,17.7,8
2019-03-25,9.9,0.0,87.6,3
2019-03-26,1.9,0.0,14.0,9
2019-03-27,1.1,0.0,14.7,8
2019-03-28,5.2,0.0,24.3,9
2019-03-29,11.7,0.0,80.2,3
2019-03-30,14.4,0.0,49.2,8
2019-03-31,10.1,1.575,51.4,2
2019-04-01,0.7,0.0,10.0,9
2019-04-02,4.9,0.0,38.6,8
2019-04-03,10.5,0.0,24.3,9
2019-04-04,9.6,0.0,20.8,9
2019-04-05,1.9,4.074,70.4,3
2019-04-06,9.9,1.297,53.9,9
2019-04-07,14.1,0.0,25.1,8
2019-04-08,17.2,6.389,62.8,7
2019-04-09,7.2,0.685,96.7,3
2019-04-10,10.3,0.0,29.2,10
2019-04-11,6.2,0.0,75.1,6
2019-04-12,11.7,11.715,76.0,8
2019-04-13,19.1,9.184,59.1,9
2019-04-14,18.1,0.265,62.2,8
2019-04-15,12.6,22.689,69.3,4
2019-04-16,10.5,0.0,25.5,9
2019-04-17,11.8,0.252,64.9,9
2019-04-18,13.1,0.0,73.9,4
2019-04-19,19.1,0.746,53.4,7
2019-04-20,15.7,15.999,76.1,3
2019-04-21,14.0,0.0,59.4,8
2019-04-22,13.9,5.846,57.3,4
2019-04-23,17.7,0.0,38.6,9
2019-04-24,18.2,1.921,22.2,9
2019-04-25,12.6,0.516,44.3,8
2019-04-26,12.4,23.576,80.3,2
2019-04-27,11.7,2.002,51.0,10
2019-04-28,9.4,0.185,62.4,5
2019-04-29,9.3,0.0,29.4,9
2019-04-30,11.5,1.41,82.8,6
2019-05-01,11.4,0.115,87.5,3
2019-05-02,14.6,0.76,69.3,9
2019-05-03,11.0,0.0,97.4,2
2019-05-04,14.7,4.031,72.8,8
2019-05-05,11.9,32.36,94.6,1
2019-05-06,14.5,1.311,58.0,10
2019-05-07,15.6,2.804,60.3,9
2019-05-08,15.9,0.0,45.5,9
2019-05-09,13.2,0.0,78.4,5
2019-05-10,17.8,0.99,73.9,6
2019-05-11,17.3,0.836,53.0,10
2019-05-12,7.2,33.215,92.0,1
2019-05-13,5.6,19.234,93.5,1
2019-05-14,7.5,6.166,92.1,3
2019-05-15,13.2,1.147,57.1,10
2019-05-16,17.4,2.144,50.4,9
2019-05-17,20.5,0.752,49.8,6
2019-05-18,18.3,0.0,26.8,10
2019-05-19,20.0,0.0,34.1,9
2019-05-20,24.9,1.405,40.2,9
2019-05-21,18.1,0.0,25.1,9
2019-05-22,18.5,0.0,22.3,10
2019-05-23,18.2,12.281,54.5,7
2019-05-24,20.7,0.0,28.4,9
2019-05-25,17.2,0.0,34.7,9
2019-05-26,22.2,5.147,48.5,10
2019-05-27,22.8,0.0,16.8,10
2019-05-28,19.4,6.819,53.6,4
2019-05-29,17.5,19.804,74.6,5
2019-05-30,16.2,19.947,93.1,7
2019-05-31,21.9,2.155,29.4,9
2019-06-01,21.3,0.0,35.1,8
2019-06-02,22.0,17.247,38.9,8
2019-06-03,18.0,0.0,26.7,10
2019-06-04,17.6,0.0,14.0,10
2019-06-05,22.3,0.0,57.1,9
2019-06-06,24.7,1.18,64.6,8
2019-06-07,22.2,0.0,27.9,9
2019-06-08,21.8,0.0,24.4,9
2019-06-09,20.0,0.0,22.2,10
2019-06-10,17.7,17.401,85.6,2
2019-06-11,21.3,9.927,43.7,10
2019-06-12,19.3,0.0,22.6,9
2019-06-13,16.9,15.537,65.2,9
2019-06-14,18.7,0.185,43.0,7
2019-06-15,22.2,0.0,30.3,10
2019-06-16,23.2,0.795,63.9,6
2019-06-17,22.7,0.048,70.9,3
2019-06-18,21.4,20.993,84.1,4
2019-06-19,20.0,2.551,97.5,3
2019-06-20,21.1,14.953,81.7,5
2019-06-21,21.7,17.347,49.8,8
2019-06-22,22.2,0.0,22.8,9
2019-06-23,23.7,0.0,10.9,9
2019-06-24,24.7,0.0,18.3,9
2019-06-25,25.3,18.895,58.3,6
2019-06-26,26.5,0.0,15.1,10
2019-06-27,27.2,0.0,18.2,10
2019-06-28,27.4,0.0,28.1,9
2019-06-29,27.2,2.749,22.8,9
2019-06-30,24.8,1.061,34.4,10
2019-07-01,24.2,0.0,10.8,10
2019-07-02,26.6,0.375,38.0,8
2019-07-03,27.5,0.0,50.0,7
2019-07-04,27.3,0.0,16.0,9
2019-07-05,26.2,0.0,72.2,8
2019-07-06,28.8,0.128,51.1,7
2019-07-07,25.9,0.0,39.6,9
2019-07-08,23.0,0.925,48.1,7
2019-07-09,26.1,0.0,11.0,9
2019-07-10,28.2,0.0,30.7,7
2019-07-11,25.9,22.16,59.3,7
2019-07-12,26.3,0.29,44.7,7
2019-07-13,26.4,0.0,8.2,9
2019-07-14,28.2,0.0,18.6,10
2019-07-15,25.9,0.0,22.6,10
2019-07-16,28.5,0.0,21.5,9
2019-07-17,32.1,44.435,50.2,8
2019-07-18,23.9,14.113,80.0,5
2019-07-19,30.2,0.0,59.3,9
2019-07-20,36.1,0.0,21.6,9
2019-07-21,36.1,0.067,23.6,9
2019-07-22,28.8,39.896,42.2,9
2019-07-23,21.9,14.846,83.6,3
2019-07-24,23.9,0.53,41.7,10
2019-07-25,25.0,0.0,33.7,9
2019-07-26,25.7,0.0,19.5,9
2019-07-27,26.3,0.0,22.8,9
2019-07-28,28.1,0.0,17.8,9
2019-07-29,29.1,0.235,26.0,9
2019-07-30,31.2,0.185,17.5,9
2019-07-31,26.4,14.04,34.7,8
2019-08-01,25.7,0.0,36.7,9
2019-08-02,25.8,0.0,37.1,8
2019-08-03,26.3,0.0,38.1,9
2019-08-04,25.4,6.949,37.6,9
2019-08-05,24.3,0.0,19.0,8
2019-08-06,24.1,1.877,40.3,5
2019-08-07,24.7,32.001,50.5,9
2019-08-08,24.4,3.701,46.3,8
2019-08-09,24.2,0.796,28.5,9
2019-08-10,23.5,0.0,23.7,9
2019-08-11,23.0,0.0,19.9,10
2019-08-12,25.2,0.0,20.6,9
2019-08-13,24.5,1.242,64.4,5
2019-08-14,24.9,6.858,58.9,6
2019-08-15,24.3,0.0,40.0,9
2019-08-16,23.5,0.0,66.7,7
2019-08-17,26.4,0.0,61.5,9
2019-08-18,27.8,13.414,60.7,8
2019-08-19,28.2,0.0,28.2,8
2019-08-20,27.4,0.0,23.5,9
2019-08-21,27.6,5.154,46.5,7
2019-08-22,27.7,18.428,34.9,8
2019-08-23,21.5,10.525,43.0,5
2019-08-24,21.1,0.0,40.8,9
2019-08-25,20.9,0.0,47.6,9
2019-08-26,19.3,0.0,43.0,9
2019-08-27,20.1,0.0,22.3,8
2019-08-28,21.6,1.702,73.8,4
2019-08-29,23.3,0.0,26.6,9
2019-08-30,25.0,0.0,11.0,8
2019-08-31,24.1,0.0,23.7,8
2019-09-01,21.6,0.0,41.0,9
2019-09-02,22.2,11.934,41.8,3
2019-09-03,23.2,0.16,13.6,8
2019-09-04,25.7,0.0,41.3,7
2019-09-05,21.0,0.0,25.8,6
2019-09-06,18.0,6.534,66.8,1
2019-09-07,18.9,0.37,45.0,9
2019-09-08,21.2,0.0,40.5,8
2019-09-09,21.4,0.0,56.2,7
2019-09-10,21.8,0.185,50.1,5
2019-09-11,26.7,0.0,27.8,8
2019-09-12,23.8,2.759,68.5,4
2019-09-13,17.9,0.0,51.5,9
2019-09-14,20.9,0.0,75.9,3
2019-09-15,24.0,0.0,37.6,8
2019-09-16,22.7,0.0,72.4,6
2019-09-17,20.7,0.0,18.7,8
2019-09-18,17.6,0.0,36.1,9
2019-09-19,16.1,0.0,6.5,8
2019-09-20,19.6,0.0,21.6,8
2019-09-21,22.1,0.0,14.1,7
2019-09-22,24.4,0.0,13.9,7
2019-09-23,26.8,0.0,35.2,7
2019-09-24,21.8,2.111,49.1,6
2019-09-25,20.5,0.0,12.6,8
2019-09-26,21.2,0.257,27.4,7
2019-09-27,19.5,0.0,12.9,7
2019-09-28,22.7,0.0,36.2,7
2019-09-29,23.2,0.0,27.2,7
2019-09-30,18.4,0.0,55.0,7
2019-10-01,22.2,0.0,60.9,6
2019-10-02,26.4,4.031,48.7,7
2019-10-03,14.1,7.128,92.2,1
2019-10-04,15.1,1.555,45.2,7
2019-10-05,10.6,0.0,19.3,7
2019-10-06,18.3,0.252,86.5,1
2019-10-07,21.7,3.118,78.1,4
2019-10-08,16.0,1.93,67.2,2
2019-10-09,13.3,12.081,78.2,1
2019-10-10,15.9,0.067,64.6,6
2019-10-11,15.3,0.0,66.8,5
2019-10-12,15.8,0.0,70.7,6
2019-10-13,15.4,0.0,33.6,6
2019-10-14,18.1,0.0,44.4,7
2019-10-15,14.4,0.0,11.9,7
2019-10-16,15.7,47.47,66.3,2
2019-10-17,12.6,0.0,87.1,2
2019-10-18,11.5,0.0,56.5,7
2019-10-19,10.9,0.0,14.6,7
2019-10-20,12.2,15.575,47.9,1
2019-10-21,14.3,0.29,26.0,6
2019-10-22,14.6,8.835,88.5,1
2019-10-23,16.0,7.674,23.8,7
2019-10-24,14.4,0.0,2.3,6
2019-10-25,14.7,0.0,19.2,4
2019-10-26,14.8,0.076,31.8,5
2019-10-27,15.7,41.932,71.0,2
2019-10-28,14.9,0.0,62.3,3
2019-10-29,13.6,2.594,91.2,2
2019-10-30,15.6,0.796,98.4,2
2019-10-31,18.8,13.989,89.9,2
2019-11-01,9.7,2.484,24.1,6
2019-11-02,6.9,0.0,33.1,6
2019-11-03,7.3,0.0,25.1,6
2019-11-04,9.5,0.0,13.5,6
2019-11-05,13.4,0.0,48.2,2
2019-11-06,9.6,0.0,12.4,6
2019-11-07,9.7,2.325,69.7,2
2019-11-08,-2.1,0.0,24.8,6
2019-11-09,-0.4,0.0,20.1,5
2019-11-10,6.2,0.0,72.2,4
2019-11-11,12.2,0.0,33.3,4
2019-11-12,2.2,0.899,45.2,1
2019-11-13,-6.6,0.0,11.6,6
2019-11-14,0.8,0.0,31.4,5
2019-11-15,5.0,0.0,23.8,5
2019-11-16,-1.5,0.0,14.1,5
2019-11-17,-1.8,0.0,69.0,5
2019-11-18,1.2,9.964,94.3,1
2019-11-19,5.2,6.331,85.1,3
2019-11-20,3.7,0.0,65.2,4
2019-11-21,7.0,0.0,26.2,5
2019-11-22,6.7,1.775,60.0,1
2019-11-23,2.4,0.457,31.9,5
2019-11-24,2.6,21.531,76.2,1
2019-11-25,6.3,0.0,19.9,5
2019-11-26,10.7,0.0,20.2,5
2019-11-27,12.1,0.759,66.2,1
2019-11-28,5.3,0.039,59.9,4
2019-11-29,-1.8,0.0,22.6,5
2019-11-30,0.0,0.0,26.4,5
2019-12-01,-3.8,16.004,70.9,1
2019-12-02,-3.0,10.771,93.3,0
2019-12-03,-4.1,1.071,43.2,5
2019-12-04,-0.3,0.0,75.6,1
2019-12-05,-0.1,0.0,57.9,4
2019-12-06,2.4,0.0,54.9,3
2019-12-07,-2.3,0.0,11.4,5
2019-12-08,0.5,0.0,21.1,4
2019-12-09,8.5,41.324,89.3,1
2019-12-10,12.3,3.554,78.9,1
2019-12-11,-1.4,6.751,55.6,2
2019-12-12,-3.3,0.0,16.8,4
2019-12-13,2.5,18.192,78.4,1
2019-12-14,9.4,34.875,92.3,2
2019-12-15,2.8,0.0,70.7,4
2019-12-16,-0.5,1.438,73.3,1
2019-12-17,-3.3,24.333,91.2,0
2019-12-18,-5.1,0.693,48.7,4
2019-12-19,-13.2,0.0,25.1,5
2019-12-20,-7.4,0.0,25.0,5
2019-12-21,-3.8,0.0,31.8,3
2019-12-22,1.2,0.0,9.4,4
2019-12-23,7.4,0.0,15.8,4
2019-12-24,3.8,0.0,18.7,5
2019-12-25,1.9,0.0,24.5,4
2019-12-26,2.2,0.0,65.8,4
2019-12-27,9.4,0.0,71.5,1
2019-12-28,7.3,0.0,27.9,3
2019-12-29,3.4,6.263,64.6,2
2019-12-30,0.0,17.887,95.5,1
2019-12-31,2.4,0.375,83.6,2
2020-01-01,-0.8,0.0,76.5,2
2020-01-02,2.9,0.0,18.8,4
2020-01-03,7.2,3.443,84.9,1
2020-01-04,7.7,6.981,87.3,1
2020-01-05,-0.8,0.0,65.8,5
2020-01-06,0.5,0.94,60.0,4
2020-01-07,2.2,0.0,49.1,2
2020-01-08,-3.1,0.0,41.7,4
2020-01-09,-5.5,0.0,20.0,5
2020-01-10,5.0,0.0,61.1,3
2020-01-11,15.2,0.0,72.5,4
2020-01-12,16.0,1.304,46.6,5
2020-01-13,3.5,0.0,71.2,1
2020-01-14,4.0,1.609,73.1,2
2020-01-15,6.3,0.0,36.9,5
2020-01-16,2.6,2.69,57.5,3
2020-01-17,-9.4,0.0,20.7,5
2020-01-18,-6.7,7.884,72.1,2
2020-01-19,-0.8,0.0,53.2,5
2020-01-20,-9.4,0.0,7.1,5
2020-01-21,-7.1,0.0,12.6,5
2020-01-22,-2.0,0.0,12.1,5
2020-01-23,2.8,0.0,31.9,4
2020-01-24,4.0,0.0,24.5,5
2020-01-25,2.6,21.314,88.5,1
2020-01-26,1.7,0.0,46.6,5
2020-01-27,0.8,0.0,75.4,2
2020-01-28,0.2,0.0,89.0,3
2020-01-29,-1.8,0.0,46.2,6
2020-01-30,-3.4,0.0,23.6,5
2020-01-31,1.7,0.424,87.4,2
2020-02-01,3.7,0.067,89.9,1
2020-02-02,1.4,1.72,73.9,4
2020-02-03,7.2,0.185,49.7,5
2020-02-04,9.6,0.067,60.4,2
2020-02-05,3.1,0.08,88.9,1
2020-02-06,0.7,12.444,99.4,1
2020-02-07,1.1,7.675,91.4,2
2020-02-08,-2.3,0.0,33.2,4
2020-02-09,-0.4,0.0,68.4,5
2020-02-10,4.1,9.366,86.5,1
2020-02-11,6.2,7.052,90.1,1
2020-02-12,2.8,0.408,53.2,5
2020-02-13,2.7,12.561,84.0,1
2020-02-14,-5.8,0.0,15.9,6
2020-02-15,-9.3,0.0,14.2,6
2020-02-16,-0.2,0.0,52.1,3
2020-02-17,5.2,0.0,33.3,6
2020-02-18,2.8,0.0,85.2,1
2020-02-19,3.0,0.0,38.3,7
2020-02-20,-4.0,0.0,30.6,4
2020-02-21,-6.4,0.0,5.3,7
2020-02-22,1.1,0.0,4.4,7
2020-02-23,7.2,0.0,10.3,7
2020-02-24,9.2,0.0,40.3,7
2020-02-25,8.3,3.628,85.9,2
2020-02-26,5.8,0.115,97.5,1
2020-02-27,-0.5,9.65,75.3,6
2020-02-28,-3.5,0.0,46.6,7
2020-02-29,-5.8,0.0,39.3,6
2020-03-01,-2.3,0.0,13.5,8
2020-03-02,8.4,0.0,36.3,7
2020-03-03,11.6,6.241,58.8,5
2020-03-04,9.0,0.274,26.9,7
2020-03-05,5.0,0.0,21.8,7
2020-03-06,2.1,8.178,61.0,2
2020-03-07,1.4,0.024,28.7,8
2020-03-08,6.6,0.0,25.8,7
2020-03-09,13.9,0.0,19.5,8
2020-03-10,15.9,0.0,57.6,4
2020-03-11,10.0,0.0,40.3,6
2020-03-12,6.4,0.608,73.0,2
2020-03-13,12.5,6.895,67.3,7
2020-03-14,7.7,0.0,31.6,8
2020-03-15,6.6,0.0,45.9,8
2020-03-16,0.4,0.0,37.2,8
2020-03-17,7.4,4.358,80.4,5
2020-03-18,7.2,0.0,31.2,7
2020-03-19,6.5,24.571,97.1,3
2020-03-20,14.4,0.0,79.1,5
2020-03-21,8.0,0.0,41.8,8
2020-03-22,-0.5,0.0,53.8,7
2020-03-23,-0.6,32.927,84.5,1
2020-03-24,5.0,0.0,32.1,8
2020-03-25,2.4,0.3,69.2,2
2020-03-26,7.0,0.0,11.2,8
2020-03-27,14.4,0.0,39.8,9
2020-03-28,7.1,10.081,63.7,2
2020-03-29,4.0,1.482,99.5,1
2020-03-30,6.5,1.388,95.1,3
2020-03-31,4.6,1.605,89.7,3
2020-04-01,6.3,0.0,43.7,9
2020-04-02,7.6,0.0,48.8,9
2020-04-03,8.3,2.897,82.2,5
2020-04-04,9.8,0.304,76.8,9
2020-04-05,11.7,0.0,67.6,8
2020-04-06,13.2,1.746,26.6,9
2020-04-07,14.1,0.0,44.1,8
2020-04-08,13.7,5.312,62.1,7
2020-04-09,10.1,3.125,47.3,4
2020-04-10,2.8,0.3,67.9,5
2020-04-11,6.1,0.0,17.0,9
2020-04-12,11.7,0.0,32.6,8
2020-04-13,15.0,46.39,76.8,1
2020-04-14,10.6,0.0,36.0,8
2020-04-15,7.0,0.0,44.7,10
2020-04-16,3.8,0.0,61.9,9
2020-04-17,3.8,0.272,39.8,8
2020-04-18,4.4,6.825,77.3,2
2020-04-19,9.5,0.0,25.9,9
2020-04-20,11.2,0.0,37.3,6
2020-04-21,8.7,5.422,29.8,6
2020-04-22,3.5,0.0,27.1,10
2020-04-23,5.9,0.48,53.0,5
2020-04-24,5.2,15.69,86.9,1
2020-04-25,11.5,0.0,31.5,9
2020-04-26,6.2,4.502,87.3,2
2020-04-27,3.9,0.0,81.0,3
2020-04-28,10.5,0.0,28.8,9
2020-04-29,10.0,0.3,74.9,4
2020-04-30,12.7,17.011,87.8,3
2020-05-01,14.8,5.96,80.7,7
2020-05-02,17.3,0.185,22.6,9
2020-05-03,19.9,0.85,43.6,8
2020-05-04,17.4,0.0,58.1,9
2020-05-05,11.3,0.0,27.6,10
2020-05-06,9.2,1.783,72.3,3
2020-05-07,13.2,0.0,53.1,10
2020-05-08,8.9,9.131,78.3,3
2020-05-09,0.6,2.637,50.0,10
2020-05-10,9.4,0.0,13.5,10
2020-05-11,11.5,1.538,50.6,5
2020-05-12,9.5,0.0,37.0,10
2020-05-13,10.5,0.0,6.0,10
2020-05-14,14.4,0.0,27.3,10
2020-05-15,22.2,0.892,49.0,10
2020-05-16,20.8,0.789,40.5,10
2020-05-17,15.5,0.0,53.3,9
2020-05-18,15.8,0.0,63.6,7
2020-05-19,15.5,0.0,24.8,8
2020-05-20,13.7,0.0,30.3,10
2020-05-21,13.1,0.0,12.5,10
2020-05-22,17.9,0.688,53.5,10
2020-05-23,16.6,15.145,97.9,3
2020-05-24,15.0,0.0,75.1,9
2020-05-25,16.5,0.067,68.7,8
2020-05-26,18.7,0.0,45.2,9
2020-05-27,19.3,0.0,48.4,10
2020-05-28,20.5,0.0,86.4,5
2020-05-29,23.0,0.56,68.1,6
2020-05-30,23.0,0.435,40.0,10
2020-05-31,17.8,0.0,20.4,10
2020-06-01,16.4,0.0,36.2,8
2020-06-02,19.4,0.0,55.6,7
2020-06-03,21.3,10.91,36.7,7
2020-06-04,24.2,0.0,35.3,8
2020-06-05,23.1,8.123,66.4,5
2020-06-06,25.7,3.462,45.7,9
2020-06-07,21.6,0.0,41.0,10
2020-06-08,21.4,0.0,16.3,10
2020-06-09,25.2,0.0,16.2,9
2020-06-10,24.9,0.0,25.9,9
2020-06-11,23.9,1.428,60.9,5
2020-06-12,24.9,0.0,34.8,10
2020-06-13,20.1,0.0,16.8,10
2020-06-14,17.7,0.0,19.6,10
2020-06-15,19.2,0.0,17.9,9
2020-06-16,20.4,0.0,18.2,10
2020-06-17,20.6,0.0,39.0,10
2020-06-18,21.1,0.047,77.9,6
2020-06-19,23.1,0.0,58.1,10
2020-06-20,25.1,0.0,28.2,9
2020-06-21,25.5,0.0,25.3,9
2020-06-22,27.5,0.0,22.5,9
2020-06-23,26.9,0.0,18.4,9
2020-06-24,26.3,0.0,34.6,9
2020-06-25,25.4,0.0,26.0,9
2020-06-26,25.5,0.0,26.8,10
2020-06-27,25.0,3.262,35.2,4
2020-06-28,27.0,1.836,35.1,10
2020-06-29,25.0,9.162,31.3,9
2020-06-30,22.5,5.851,37.9,8
2020-07-01,23.0,1.369,40.6,8
2020-07-02,26.8,0.0,25.8,9
2020-07-03,28.3,7.295,49.9,7
2020-07-04,24.5,0.635,59.8,10
2020-07-05,27.5,0.0,36.5,9
2020-07-06,27.0,11.109,33.4,9
2020-07-07,24.4,0.0,78.3,7
2020-07-08,26.9,5.099,61.3,10
2020-07-09,28.0,0.0,25.2,9
2020-07-10,24.1,64.43,86.8,2
2020-07-11,26.8,13.601,52.0,8
2020-07-12,26.8,4.287,27.7,10
2020-07-13,26.6,0.532,36.7,10
2020-07-14,25.9,0.0,25.7,10
2020-07-15,24.0,0.0,48.9,9
2020-07-16,22.8,0.0,60.5,9
2020-07-17,25.2,0.799,58.4,5
2020-07-18,27.8,0.0,22.9,10
2020-07-19,31.0,0.0,21.7,9
2020-07-20,33.2,0.0,26.3,9
2020-07-21,29.7,0.0,17.5,10
2020-07-22,29.1,30.999,48.8,10
2020-07-23,28.0,0.18,38.0,9
2020-07-24,25.0,13.236,55.9,3
2020-07-25,28.3,0.0,26.4,10
2020-07-26,29.7,0.0,31.5,9
2020-07-27,31.3,0.0,24.6,9
2020-07-28,32.2,0.575,29.6,9
2020-07-29,29.6,0.0,28.3,10
2020-07-30,29.8,0.0,23.3,9
2020-07-31,24.3,22.173,59.1,5
2020-08-01,26.6,0.0,21.1,10
2020-08-02,30.4,0.0,54.9,9
2020-08-03,29.2,11.807,24.1,9
2020-08-04,24.3,14.34,67.6,5
2020-08-05,26.8,0.0,43.1,9
2020-08-06,24.5,0.0,68.8,9
2020-08-07,23.1,12.536,69.0,5
2020-08-08,24.1,0.219,60.7,8
2020-08-09,27.1,0.0,46.8,10
2020-08-10,30.1,0.0,26.0,9
2020-08-11,29.7,0.16,47.4,9
2020-08-12,28.9,36.112,58.1,8
2020-08-13,24.9,6.229,66.6,3
2020-08-14,26.3,0.0,57.4,8
2020-08-15,24.8,0.0,31.3,9
2020-08-16,20.8,4.742,91.9,1
2020-08-17,22.1,7.06,45.1,9
2020-08-18,23.3,5.015,34.6,9
2020-08-19,21.9,3.888,49.6,4
2020-08-20,22.4,0.0,14.5,9
2020-08-21,25.0,0.0,28.1,8
2020-08-22,27.5,0.0,26.8,9
2020-08-23,27.1,0.0,22.7,9
2020-08-24,28.9,0.0,22.9,8
2020-08-25,27.7,7.647,24.5,8
2020-08-26,22.8,0.0,17.5,9
2020-08-27,26.3,9.865,53.6,9
2020-08-28,25.5,0.163,29.2,9
2020-08-29,25.1,0.21,60.0,4
2020-08-30,23.3,0.0,37.4,10
2020-08-31,21.2,0.0,36.8,6
2020-09-01,22.2,5.153,62.8,7
2020-09-02,23.6,2.764,76.4,4
2020-09-03,25.5,21.651,54.1,8
2020-09-04,25.0,0.0,21.7,9
2020-09-05,22.5,0.0,23.6,9
2020-09-06,23.1,0.0,16.0,9
2020-09-07,22.7,0.0,21.5,8
2020-09-08,23.9,0.0,33.8,8
2020-09-09,24.0,0.0,38.0,5
2020-09-10,25.5,30.354,78.4,7
2020-09-11,22.7,0.0,59.1,5
2020-09-12,19.2,0.0,56.4,8
2020-09-13,20.8,0.0,69.0,5
2020-09-14,21.9,0.0,43.0,7
2020-09-15,15.6,0.0,30.6,7
2020-09-16,18.0,0.0,36.7,7
2020-09-17,20.9,0.0,48.2,5
2020-09-18,18.9,0.0,48.1,8
2020-09-19,13.9,0.0,10.2,8
2020-09-20,13.7,0.0,12.3,8
2020-09-21,14.1,0.0,8.5,8
2020-09-22,16.2,0.0,15.7,8
2020-09-23,20.6,0.0,13.2,8
2020-09-24,20.9,0.0,24.3,5
2020-09-25,20.7,0.0,27.0,6
2020-09-26,20.8,0.0,56.7,4
2020-09-27,22.5,0.0,82.1,7
2020-09-28,22.5,1.333,56.9,7
2020-09-29,21.6,7.324,65.1,2
2020-09-30,19.0,30.077,50.2,7
2020-10-01,18.4,0.0,41.2,6
2020-10-02,15.8,1.007,65.8,6
2020-10-03,15.1,0.0,13.9,7
2020-10-04,15.0,0.0,25.0,7
2020-10-05,16.2,0.0,31.6,7
2020-10-06,17.1,0.0,25.4,7
2020-10-07,18.9,0.386,50.0,7
2020-10-08,15.3,0.0,13.1,7
2020-10-09,15.7,0.0,28.7,7
2020-10-10,18.4,0.0,32.4,4
2020-10-11,18.0,0.0,73.9,4
2020-10-12,11.8,22.166,100.0,1
2020-10-13,13.5,9.532,97.0,2
2020-10-14,15.4,0.0,7.0,7
2020-10-15,17.8,0.0,29.5,7
2020-10-16,14.1,32.349,87.4,1
2020-10-17,10.3,1.193,29.9,7
2020-10-18,12.6,0.0,36.3,5
2020-10-19,14.7,0.0,51.9,5
2020-10-20,17.5,0.115,72.9,6
2020-10-21,17.8,0.047,91.6,5
2020-10-22,19.0,0.0,89.3,1
2020-10-23,18.3,0.0,98.6,5
2020-10-24,17.3,0.0,84.6,4
2020-10-25,8.4,0.582,57.7,3
2020-10-26,12.6,0.885,100.0,2
2020-10-27,13.7,0.0,89.1,3
2020-10-28,12.7,2.864,94.2,2
2020-10-29,10.0,38.401,92.0,0
2020-10-30,2.1,17.764,86.6,2
2020-10-31,3.2,0.0,24.0,6
2020-11-01,9.3,10.312,92.5,3
2020-11-02,1.6,0.0,40.5,5
2020-11-03,6.6,0.0,52.7,3
2020-11-04,10.6,0.0,2.9,5
2020-11-05,14.7,0.0,20.9,6
2020-11-06,16.6,0.0,21.5,5
2020-11-07,18.1,0.0,15.4,5
2020-11-08,17.7,0.0,6.2,6
2020-11-09,17.3,0.0,4.8,5
2020-11-10,18.8,0.0,17.2,5
2020-11-11,19.3,18.199,82.3,1
2020-11-12,12.9,6.546,99.7,1
2020-11-13,7.8,4.651,71.8,1
2020-11-14,7.7,0.0,12.4,5
2020-11-15,10.1,2.137,61.1,4
2020-11-16,9.7,0.0,15.1,5
2020-11-17,4.2,0.0,56.4,3
2020-11-18,-3.5,0.0,24.2,5
2020-11-19,1.9,0.0,26.9,5
2020-11-20,10.8,0.0,19.7,5
2020-11-21,13.9,0.0,52.8,4
2020-11-22,8.1,0.0,99.5,1
2020-11-23,9.3,14.104,58.0,4
2020-11-24,5.1,0.0,46.4,5
2020-11-25,9.8,0.0,75.0,4
2020-11-26,15.2,19.209,74.3,2
2020-11-27,13.4,0.0,47.3,4
2020-11-28,9.6,0.0,54.9,4
2020-11-29,8.5,0.0,10.4,5
2020-11-30,13.9,27.513,86.4,0
2020-12-01,8.4,0.0,80.6,2
2020-12-02,0.3,0.0,56.6,2
2020-12-03,3.3,0.0,24.0,4
2020-12-04,7.4,2.035,92.1,1
2020-12-05,3.2,26.591,81.3,2
2020-12-06,-1.5,0.0,22.1,5
2020-12-07,-1.4,0.0,21.8,4
2020-12-08,-3.8,0.0,71.2,2
2020-12-09,-2.1,1.041,67.5,2
2020-12-10,3.7,0.0,31.7,4
2020-12-11,8.2,0.0,23.2,4
2020-12-12,10.0,0.0,61.3,1
2020-12-13,12.0,0.0,33.7,4
2020-12-14,2.5,6.552,76.5,1
2020-12-15,-2.4,0.0,22.8,4
2020-12-16,-7.9,13.852,66.5,1
2020-12-17,-7.8,16.217,67.7,4
2020-12-18,-6.7,0.0,65.6,3
2020-12-19,-4.7,0.0,25.4,4
2020-12-20,1.1,0.3,85.1,1
2020-12-21,3.7,0.0,77.6,4
2020-12-22,2.7,0.0,89.6,4
2020-12-23,2.6,0.0,26.2,4
2020-12-24,11.5,1.196,89.4,2
2020-12-25,8.1,26.669,95.9,1
2020-12-26,-7.9,0.0,38.0,4
2020-12-27,-3.0,0.0,15.6,4
2020-12-28,5.0,0.0,51.5,4
2020-12-29,-1.0,0.0,30.7,5
2020-12-30,-0.7,0.0,39.1,2
2020-12-31,4.0,13.029,84.2,2
2022-01-01,11.5,18.681,100.0,1
2022-01-02,9.4,2.223,92.4,2
2022-01-03,-6.5,0.0,67.1,1
2022-01-04,-6.7,0.0,15.7,5
2022-01-05,1.6,5.439,70.9,1
2022-01-06,-0.1,0.0,40.8,4
2022-01-07,-6.3,8.897,72.7,5
2022-01-08,-7.5,0.0,9.0,5
2022-01-09,-2.2,2.668,79.8,1
2022-01-10,-6.0,0.0,45.4,5
2022-01-11,-13.2,0.0,13.5,5
2022-01-12,-4.3,0.0,25.5,5
2022-01-13,3.1,0.0,47.9,4
2022-01-14,-1.1,0.0,40.6,4
2022-01-15,-15.3,0.0,20.4,5
2022-01-16,-12.3,5.839,57.5,4
2022-01-17,-1.0,28.313,98.7,1
2022-01-18,-4.4,0.0,53.8,5
2022-01-19,1.8,0.0,36.5,4
2022-01-20,-2.0,6.035,72.9,2
2022-01-21,-14.2,0.0,32.8,5
2022-01-22,-10.2,0.0,23.7,5
2022-01-23,-5.0,0.495,74.9,5
2022-01-24,-3.2,0.0,94.6,4
2022-01-25,-0.2,0.0,67.4,2
2022-01-26,-9.5,0.0,8.7,6
2022-01-27,-7.8,0.0,31.0,6
2022-01-28,-3.4,1.664,100.0,1
2022-01-29,-15.1,14.308,92.7,1
2022-01-30,-13.7,0.0,20.0,6
2022-01-31,-6.6,0.0,30.7,6
2022-02-01,-4.6,0.0,33.8,6
2022-02-02,2.0,0.0,92.9,4
2022-02-03,6.1,9.977,100.0,1
2022-02-04,1.2,17.974,100.0,1
2022-02-05,-10.6,0.0,56.0,6
2022-02-06,-8.5,0.0,18.6,7
2022-02-07,-1.3,2.637,99.9,1
2022-02-08,-0.1,2.073,58.1,6
2022-02-09,0.6,0.0,5.0,6
2022-02-10,6.1,0.0,37.6,6
2022-02-11,8.4,0.0,29.6,6
2022-02-12,11.2,0.0,45.1,5
2022-02-13,-3.9,4.298,99.9,1
2022-02-14,-12.5,0.0,17.3,7
2022-02-15,-9.2,0.0,4.5,7
2022-02-16,0.7,0.0,35.0,6
2022-02-17,13.6,4.452,78.5,5
2022-02-18,4.3,9.567,52.9,7
2022-02-19,-4.8,0.0,29.4,5
2022-02-20,-7.0,0.0,9.3,7
2022-02-21,3.2,0.0,11.7,7
2022-02-22,7.0,5.993,80.2,6
2022-02-23,13.3,0.0,52.7,5
2022-02-24,-4.3,0.0,69.9,3
2022-02-25,-3.7,18.964,78.9,5
2022-02-26,-5.5,0.0,31.0,7
2022-02-27,-1.2,0.0,22.2,7
2022-02-28,-4.3,0.0,22.2,8
2022-03-01,2.0,0.0,83.3,3
2022-03-02,5.8,0.0,32.3,7
2022-03-03,-0.5,0.698,41.9,8
2022-03-04,-5.5,0.0,11.2,8
2022-03-05,2.4,0.0,42.0,5
2022-03-06,12.5,1.0,76.5,4
2022-03-07,19.2,0.833,60.4,4
2022-03-08,3.0,0.0,49.0,7
2022-03-09,-0.3,13.629,88.5,1
2022-03-10,3.7,0.0,37.0,7
2022-03-11,6.5,0.0,34.7,8
2022-03-12,-2.1,10.527,95.0,2
2022-03-13,-8.0,0.0,50.7,8
2022-03-14,5.3,0.0,46.4,8
2022-03-15,11.6,0.0,40.4,8
2022-03-16,13.4,0.0,24.8,8
2022-03-17,8.3,1.932,94.2,3
2022-03-18,14.4,0.0,49.6,8
2022-03-19,14.1,1.572,74.4,6
2022-03-20,12.3,0.252,80.5,5
2022-03-21,10.0,0.0,20.3,8
2022-03-22,9.6,0.0,48.6,8
2022-03-23,3.6,0.435,57.8,7
2022-03-24,2.3,10.212,100.0,1
2022-03-25,9.8,12.056,78.2,9
2022-03-26,8.6,0.256,91.0,7
2022-03-27,0.4,0.0,72.1,5
2022-03-28,-9.5,0.0,56.4,9
2022-03-29,-6.5,0.0,49.2,8
2022-03-30,0.5,0.0,39.5,6
2022-03-31,12.7,0.0,96.8,4
2022-04-01,11.0,7.36,90.4,10
2022-04-02,4.8,0.0,55.1,9
2022-04-03,5.6,2.388,73.7,2
2022-04-04,6.2,0.0,35.3,9
2022-04-05,9.3,0.501,86.2,6
2022-04-06,6.7,12.424,99.8,3
2022-04-07,8.3,14.597,100.0,1
2022-04-08,12.8,7.406,52.9,8
2022-04-09,10.2,1.271,80.9,7
2022-04-10,5.3,0.0,88.3,6
2022-04-11,8.2,0.0,23.6,9
2022-04-12,15.3,1.53,51.0,9
2022-04-13,16.4,0.0,45.4,9
2022-04-14,18.9,1.8,49.3,9
2022-04-15,15.7,0.0,24.5,9
2022-04-16,14.9,3.676,49.3,9
2022-04-17,5.3,0.702,44.1,9
2022-04-18,5.8,3.724,45.2,8
2022-04-19,3.5,45.538,80.8,4
2022-04-20,8.6,0.0,30.0,10
2022-04-21,10.9,0.0,47.2,6
2022-04-22,16.0,0.0,18.3,10
2022-04-23,13.5,0.0,65.2,8
2022-04-24,12.8,0.0,44.7,9
2022-04-25,11.0,0.0,75.4,4
2022-04-26,12.8,0.524,99.0,3
2022-04-27,9.2,0.185,65.0,10
2022-04-28,6.6,0.0,35.9,10
2022-04-29,9.6,0.0,4.6,10
2022-04-30,12.7,0.0,4.2,10
2022-05-01,14.0,0.0,31.7,9
2022-05-02,12.2,6.659,100.0,2
2022-05-03,13.1,0.0,70.6,9
2022-05-04,13.3,2.639,93.4,6
2022-05-05,17.6,0.0,46.9,10
2022-05-06,13.5,14.433,84.8,2
2022-05-07,7.4,27.431,100.0,1
2022-05-08,9.6,0.173,84.8,7
2022-05-09,13.6,0.0,19.9,10
2022-05-10,16.1,0.0,30.0,10
2022-05-11,16.9,0.0,58.4,7
2022-05-12,18.0,0.0,57.1,8
2022-05-13,17.1,0.604,98.6,9
2022-05-14,17.9,3.109,92.2,5
2022-05-15,19.2,5.184,79.4,8
2022-05-16,20.8,5.104,64.3,7
2022-05-17,19.4,0.0,19.0,8
2022-05-18,17.6,0.0,25.9,9
2022-05-19,15.3,15.481,87.1,5
2022-05-20,16.4,9.897,72.4,7
2022-05-21,24.5,0.0,51.7,9
2022-05-22,28.0,0.0,28.8,9
2022-05-23,20.2,0.0,36.1,10
2022-05-24,17.1,0.0,88.2,7
2022-05-25,16.0,0.0,32.9,9
2022-05-26,17.0,0.0,58.9,9
2022-05-27,20.8,6.437,88.8,10
2022-05-28,20.3,14.527,78.7,9
2022-05-29,20.5,0.0,19.9,7
2022-05-30,24.0,0.0,16.7,9
2022-05-31,28.3,0.0,34.1,10
2022-06-01,17.6,16.366,91.4,7
2022-06-02,20.5,10.645,83.6,8
2022-06-03,20.6,0.0,75.4,9
2022-06-04,21.9,0.0,14.5,10
2022-06-05,20.1,0.0,19.6,10
2022-06-06,22.0,0.0,13.9,10
2022-06-07,21.1,1.168,50.3,9
2022-06-08,23.8,1.375,58.4,10
2022-06-09,23.7,15.14,68.6,7
2022-06-10,21.7,0.0,26.7,10
2022-06-11,21.6,1.587,62.7,4
2022-06-12,20.1,1.148,73.8,6
2022-06-13,25.4,0.194,57.9,8
2022-06-14,23.8,0.0,35.5,9
2022-06-15,22.7,0.0,21.3,10
2022-06-16,19.9,7.617,88.0,6
2022-06-17,25.9,0.0,56.5,10
2022-06-18,19.8,0.0,52.2,8
2022-06-19,17.9,0.0,23.8,10
2022-06-20,20.7,0.0,26.0,10
2022-06-21,21.2,1.296,54.9,7
2022-06-22,18.6,1.218,99.9,2
2022-06-23,19.6,1.672,87.1,7
2022-06-24,22.3,0.0,48.6,9
2022-06-25,26.3,0.0,14.4,10
2022-06-26,26.9,0.0,19.6,10
2022-06-27,23.3,8.238,78.0,4
2022-06-28,22.3,0.0,52.4,9
2022-06-29,23.6,0.0,23.4,10
2022-06-30,25.4,0.0,19.8,10
2022-07-01,28.7,0.0,26.0,9
2022-07-02,28.8,0.0,50.5,8
2022-07-03,26.6,0.0,47.5,10
2022-07-04,24.8,0.0,19.0,10
2022-07-05,25.0,2.064,53.1,9
2022-07-06,26.5,0.0,64.5,8
2022-07-07,24.6,0.0,75.5,8
2022-07-08,23.5,5.905,61.0,9
2022-07-09,25.0,0.0,47.1,10
2022-07-10,23.3,0.0,29.3,10
2022-07-11,23.8,0.0,16.2,10
2022-07-12,27.7,0.0,30.9,9
2022-07-13,28.2,0.0,32.3,10
2022-07-14,27.2,0.0,51.2,10
2022-07-15,25.4,0.0,60.6,10
2022-07-16,24.3,24.259,65.1,10
2022-07-17,25.6,0.441,72.9,10
2022-07-18,25.8,17.379,78.9,5
2022-07-19,28.4,0.0,29.7,10
2022-07-20,31.7,0.0,19.4,9
2022-07-21,32.0,4.605,28.8,9
2022-07-22,30.1,0.696,27.3,10
2022-07-23,30.4,0.0,17.7,10
2022-07-24,31.7,0.0,38.4,9
2022-07-25,31.5,12.851,56.6,4
2022-07-26,25.3,0.0,37.4,5
2022-07-27,25.2,0.0,33.4,9
2022-07-28,28.8,0.885,55.5,9
2022-07-29,27.2,1.735,54.9,4
2022-07-30,26.5,0.0,49.6,10
2022-07-31,25.7,0.0,31.6,9
2022-08-01,22.3,11.55,84.7,2
2022-08-02,27.8,0.0,43.6,8
2022-08-03,27.1,0.0,12.9,10
2022-08-04,30.2,0.0,25.5,10
2022-08-05,29.8,0.0,39.1,8
2022-08-06,30.4,0.0,35.9,9
2022-08-07,31.7,6.362,47.2,7
2022-08-08,32.6,0.0,42.3,10
2022-08-09,34.1,0.958,50.6,9
2022-08-10,27.5,0.0,78.6,9
2022-08-11,26.6,3.108,57.0,9
2022-08-12,25.2,0.0,43.5,10
2022-08-13,22.6,0.0,26.9,9
2022-08-14,23.2,0.0,22.1,8
2022-08-15,23.8,0.0,35.8,8
2022-08-16,23.3,0.0,31.6,9
2022-08-17,22.9,7.486,73.1,6
2022-08-18,23.5,0.0,35.8,10
2022-08-19,25.8,0.0,18.6,9
2022-08-20,27.4,0.0,36.4,9
2022-08-21,25.1,0.0,42.9,6
2022-08-22,24.1,5.239,87.8,9
2022-08-23,25.8,0.309,61.5,8
2022-08-24,26.5,0.0,21.2,9
2022-08-25,27.0,0.0,17.8,9
2022-08-26,27.9,6.708,51.5,7
2022-08-27,27.4,0.0,49.0,9
2022-08-28,24.7,0.0,81.3,6
2022-08-29,26.7,0.048,58.1,9
2022-08-30,27.5,3.389,47.0,9
2022-08-31,24.7,0.492,35.6,8
2022-09-01,24.7,0.0,5.9,9
2022-09-02,21.2,0.0,13.9,9
2022-09-03,22.6,0.0,37.7,8
2022-09-04,26.1,0.0,61.4,6
2022-09-05,26.0,0.406,68.6,8
2022-09-06,21.9,19.469,96.9,1
2022-09-07,20.4,0.048,96.3,3
2022-09-08,21.4,0.0,54.7,9
2022-09-09,21.5,0.0,8.4,8
2022-09-10,23.1,0.0,21.2,9
2022-09-11,22.0,4.555,82.9,2
2022-09-12,23.3,10.271,82.6,9
2022-09-13,24.5,25.471,77.5,5
2022-09-14,22.3,0.0,13.7,8
2022-09-15,20.8,0.0,16.0,9
2022-09-16,19.2,0.0,23.1,8
2022-09-17,20.6,0.0,57.0,8
2022-09-18,23.7,0.0,25.4,7
2022-09-19,24.1,2.94,58.0,7
2022-09-20,22.5,0.0,37.5,7
2022-09-21,21.7,0.0,18.3,8
2022-09-22,20.3,9.517,55.5,5
2022-09-23,13.7,0.0,7.1,8
2022-09-24,14.9,0.0,14.3,8
2022-09-25,18.2,24.555,71.7,5
2022-09-26,18.9,0.112,39.9,9
2022-09-27,18.0,0.0,37.0,8
2022-09-28,16.5,0.0,37.1,8
2022-09-29,15.6,0.0,25.9,8
2022-09-30,14.3,0.0,45.1,5
2022-10-01,13.9,13.321,96.9,2
2022-10-02,14.1,2.329,99.4,1
2022-10-03,9.3,11.126,97.8,1
2022-10-04,9.0,42.286,100.0,1
2022-10-05,13.4,12.129,91.9,3
2022-10-06,17.4,0.0,28.9,7
2022-10-07,19.3,0.0,37.3,7
2022-10-08,11.9,0.685,49.5,8
2022-10-09,11.5,0.0,10.6,7
2022-10-10,15.0,0.0,36.4,7
2022-10-11,15.8,0.0,1.6,6
2022-10-12,16.8,0.0,21.6,6
2022-10-13,18.2,12.179,88.3,2
2022-10-14,15.0,7.518,48.4,6
2022-10-15,15.4,0.0,9.7,5
2022-10-16,15.3,0.0,27.7,5
2022-10-17,15.7,3.77,88.7,4
2022-10-18,10.7,0.359,58.0,5
2022-10-19,7.9,0.0,24.9,4
2022-10-20,9.6,0.0,9.3,5
2022-10-21,12.5,0.0,4.7,5
2022-10-22,14.1,0.0,11.8,5
2022-10-23,14.3,0.825,88.8,2
2022-10-24,14.4,10.326,100.0,2
2022-10-25,18.1,3.487,93.9,3
2022-10-26,19.0,0.073,89.2,4
2022-10-27,15.6,0.0,5.4,6
2022-10-28,9.8,0.0,22.9,5
2022-10-29,9.8,0.0,13.4,6
2022-10-30,11.8,0.0,19.5,6
2022-10-31,14.6,0.346,65.8,4
2022-11-01,17.0,3.928,78.4,4
2022-11-02,16.9,0.0,10.6,6
2022-11-03,14.8,0.0,6.1,6
2022-11-04,15.9,0.0,31.9,6
2022-11-05,20.2,0.0,63.9,5
2022-11-06,20.9,0.067,76.7,3
2022-11-07,21.4,0.16,32.0,6
2022-11-08,10.7,0.0,13.0,6
2022-11-09,7.0,0.0,8.3,6
2022-11-10,13.4,0.0,13.2,5
2022-11-11,17.6,22.246,96.3,2
2022-11-12,19.3,1.738,76.2,6
2022-11-13,9.4,0.93,79.3,5
2022-11-14,2.0,0.0,14.6,6
2022-11-15,1.8,10.325,70.8,3
2022-11-16,4.0,9.703,85.7,5
2022-11-17,1.4,0.0,62.4,6
2022-11-18,0.4,0.0,31.2,5
2022-11-19,-1.0,0.0,8.0,5
2022-11-20,-3.3,0.0,21.7,5
2022-11-21,-2.1,0.0,8.6,5
2022-11-22,4.7,0.0,8.5,5
2022-11-23,8.0,0.0,1.7,5
2022-11-24,7.0,0.0,16.9,5
2022-11-25,8.3,0.418,70.6,2
2022-11-26,8.2,0.0,28.7,5
2022-11-27,10.6,16.722,60.0,1
2022-11-28,9.4,0.0,35.6,4
2022-11-29,3.5,0.0,52.4,2
2022-11-30,8.6,9.822,82.8,0
2022-12-01,0.1,0.0,31.1,4
2022-12-02,2.0,0.0,14.0,5
2022-12-03,11.1,11.445,79.5,0
2022-12-04,3.1,0.0,18.4,5
2022-12-05,4.2,0.0,17.4,5
2022-12-06,9.9,17.424,90.0,1
2022-12-07,13.9,10.464,95.0,1
2022-12-08,9.4,0.0,33.4,3
2022-12-09,1.1,0.0,4.7,5
2022-12-10,-1.2,0.0,40.5,5
2022-12-11,-0.6,7.271,99.8,1
2022-12-12,-2.9,0.437,70.3,4
2022-12-13,-3.2,0.0,4.4,5
2022-12-14,-2.8,0.0,19.8,5
2022-12-15,-0.4,13.371,73.3,1
2022-12-16,1.7,19.351,100.0,1
2022-12-17,1.1,0.0,69.6,4
2022-12-18,-1.5,0.0,42.8,4
2022-12-19,-3.2,0.0,28.1,5
2022-12-20,-2.2,0.0,14.7,5
2022-12-21,0.1,0.0,21.7,4
2022-12-22,1.5,5.444,77.6,1
2022-12-23,-1.1,27.647,88.9,1
2022-12-24,-20.4,0.0,25.3,4
2022-12-25,-12.7,0.0,14.2,5
2022-12-26,-9.7,0.0,29.8,5
2022-12-27,-3.9,0.0,97.4,4
2022-12-28,2.4,0.0,41.5,5
2022-12-29,5.1,0.0,26.9,4
2022-12-30,10.2,0.0,29.0,4
2022-12-31,10.4,6.9,92.5,1
2024-01-01,4.2,0.513,73.5,5
2024-01-02,-0.2,0.0,3.8,5
2024-01-03,1.0,0.0,53.2,5
2024-01-04,0.5,0.0,64.7,4
2024-01-05,-4.3,0.0,15.5,5
2024-01-06,-1.6,9.903,62.1,1
2024-01-07,-1.5,5.437,91.6,3
2024-01-08,1.7,0.0,35.9,5
2024-01-09,4.9,35.787,72.8,1
2024-01-10,8.0,13.893,93.0,3
2024-01-11,4.0,0.0,70.1,6
2024-01-12,4.7,0.233,34.3,5
2024-01-13,7.4,24.138,87.9,2
2024-01-14,-3.0,0.0,30.7,4
2024-01-15,-6.6,0.5,76.7,3
2024-01-16,-7.3,7.402,83.1,1
2024-01-17,-12.0,0.0,4.6,5
2024-01-18,-6.6,0.0,64.0,2
2024-01-19,-5.7,0.98,86.6,2
2024-01-20,-12.6,0.0,53.5,6
2024-01-21,-10.0,0.0,22.7,5
2024-01-22,-4.7,0.0,27.9,5
2024-01-23,0.6,0.914,93.4,1
2024-01-24,3.6,1.531,100.0,1
2024-01-25,11.2,6.179,99.9,2
2024-01-26,4.3,5.084,98.7,2
2024-01-27,5.7,0.0,95.5,3
2024-01-28,0.7,19.11,100.0,1
2024-01-29,-0.6,1.697,99.6,1
2024-01-30,-0.3,0.047,100.0,1
2024-01-31,1.0,0.0,99.7,1
2024-02-01,3.8,0.0,86.6,3
2024-02-02,3.5,6.458,89.5,1
2024-02-03,-0.6,0.0,35.0,6
2024-02-04,0.5,0.0,5.7,6
2024-02-05,-0.5,0.0,4.4,6
2024-02-06,-1.8,0.0,1.7,6
2024-02-07,2.4,0.0,13.6,6
2024-02-08,5.9,0.0,25.1,6
2024-02-09,7.2,0.0,36.5,6
2024-02-10,11.2,0.0,49.2,3
2024-02-11,7.0,0.0,49.6,2
2024-02-12,4.1,0.0,59.1,6
2024-02-13,-1.6,17.496,84.8,2
2024-02-14,-4.7,0.0,19.4,7
2024-02-15,-3.0,0.0,33.1,6
2024-02-16,0.0,0.0,30.0,7
2024-02-17,-3.6,5.414,81.3,6
2024-02-18,-3.5,0.0,11.5,7
2024-02-19,-0.9,0.0,3.3,7
2024-02-20,-3.0,0.0,8.5,7
2024-02-21,-0.5,0.0,75.2,3
2024-02-22,2.2,0.563,73.3,5
2024-02-23,5.9,1.636,81.0,2
2024-02-24,1.2,0.0,40.8,7
2024-02-25,-3.3,0.0,6.5,7
2024-02-26,4.6,0.252,52.7,6
2024-02-27,7.7,11.12,63.4,6
2024-02-28,12.2,5.37,99.1,2
2024-02-29,-1.8,0.0,33.7,7
2024-03-01,0.7,0.0,21.9,7
2024-03-02,7.1,31.656,99.7,1
2024-03-03,13.1,0.073,58.1,7
2024-03-04,10.1,0.0,84.1,8
2024-03-05,4.3,10.334,100.0,2
2024-03-06,8.1,28.453,99.7,1
2024-03-07,9.5,3.423,94.2,3
2024-03-08,6.4,0.0,26.4,7
2024-03-09,3.5,35.357,97.1,1
2024-03-10,3.8,3.0,93.8,4
2024-03-11,2.9,0.0,49.7,8
2024-03-12,11.2,0.0,17.3,8
2024-03-13,12.5,0.0,25.2,6
2024-03-14,13.2,0.0,26.0,8
2024-03-15,16.2,0.0,61.1,7
2024-03-16,11.3,0.0,42.3,10
2024-03-17,13.0,0.0,56.4,8
2024-03-18,5.1,0.0,79.0,8
2024-03-19,1.2,0.0,64.3,9
2024-03-20,5.4,0.412,84.3,3
2024-03-21,-2.7,0.0,19.4,9
2024-03-22,-0.7,0.0,45.3,8
2024-03-23,2.9,81.378,98.9,1
2024-03-24,-0.2,0.0,9.6,8
2024-03-25,3.1,0.0,8.4,8
2024-03-26,5.4,0.0,87.8,7
2024-03-27,7.2,0.533,99.8,3
2024-03-28,7.8,17.502,99.5,1
2024-03-29,5.7,0.0,36.2,9
2024-03-30,8.2,0.3,40.7,9
2024-03-31,11.8,0.98,41.3,9
2024-04-01,10.6,0.377,78.7,2
2024-04-02,6.8,22.207,87.9,2
2024-04-03,2.0,38.42,100.0,1
2024-04-04,3.1,5.988,95.2,9
2024-04-05,3.9,0.0,80.4,7
2024-04-06,6.2,0.0,86.1,5
2024-04-07,9.0,0.0,53.4,10
2024-04-08,12.2,0.0,30.0,10
2024-04-09,17.8,0.0,37.6,9
2024-04-10,13.6,0.0,61.8,7
2024-04-11,12.8,5.166,96.2,5
2024-04-12,15.4,8.337,85.1,6
2024-04-13,10.8,0.185,73.3,4
2024-04-14,15.0,2.12,35.1,8
2024-04-15,20.7,0.0,47.4,10
2024-04-16,16.9,0.0,10.9,9
2024-04-17,12.6,0.65,62.3,8
2024-04-18,5.8,0.386,99.6,2
2024-04-19,9.3,0.0,89.4,8
2024-04-20,13.7,1.429,76.0,10
2024-04-21,7.8,0.0,34.3,5
2024-04-22,10.0,0.0,11.3,9
2024-04-23,11.7,0.0,17.9,9
2024-04-24,15.0,0.0,62.3,10
2024-04-25,8.0,0.0,54.3,10
2024-04-26,9.9,0.0,11.5,9
2024-04-27,11.3,0.067,58.4,9
2024-04-28,17.0,0.169,74.5,9
2024-04-29,22.1,0.589,42.3,9
2024-04-30,14.4,0.378,84.5,8
2024-05-01,16.2,0.618,64.8,10
2024-05-02,17.7,0.0,56.1,9
2024-05-03,14.4,0.0,46.3,8
2024-05-04,12.6,0.0,71.9,7
2024-05-05,10.4,7.079,100.0,1
2024-05-06,16.7,0.683,81.9,7
2024-05-07,20.8,0.0,23.2,9
2024-05-08,23.4,6.073,55.3,10
2024-05-09,18.8,0.0,45.7,7
2024-05-10,11.0,6.331,99.9,2
2024-05-11,11.9,0.0,42.6,10
2024-05-12,10.7,3.938,87.5,8
2024-05-13,13.3,0.0,60.3,6
2024-05-14,17.6,0.564,58.1,7
2024-05-15,15.9,5.787,99.0,5
2024-05-16,16.5,4.818,100.0,5
2024-05-17,18.3,0.067,92.9,7
2024-05-18,17.3,1.066,68.4,7
2024-05-19,18.2,0.0,78.0,10
2024-05-20,17.4,0.0,28.7,9
2024-05-21,21.1,0.0,32.3,9
2024-05-22,23.9,0.0,21.6,9
2024-05-23,23.2,15.403,47.2,9
2024-05-24,24.4,0.0,17.4,10
2024-05-25,22.2,0.0,27.3,10
2024-05-26,22.3,0.0,66.2,10
2024-05-27,20.4,15.975,93.8,4
2024-05-28,22.5,0.0,37.0,10
2024-05-29,19.9,10.805,42.3,10
2024-05-30,18.0,5.049,72.2,10
2024-05-31,20.0,0.0,39.1,10
2024-06-01,22.4,0.0,13.2,10
2024-06-02,23.5,0.0,38.5,10
2024-06-03,25.5,0.0,62.8,10
2024-06-04,22.6,0.0,36.9,10
2024-06-05,22.0,0.0,73.2,10
2024-06-06,23.6,16.089,84.8,6
2024-06-07,23.3,0.0,52.1,10
2024-06-08,21.9,0.0,24.5,10
2024-06-09,22.0,0.0,54.7,8
2024-06-10,20.3,0.0,57.8,10
2024-06-11,19.6,0.0,70.2,8
2024-06-12,20.8,0.0,58.9,6
2024-06-13,23.6,0.0,15.7,10
2024-06-14,24.3,6.333,42.9,10
2024-06-15,22.9,0.0,23.3,10
2024-06-16,20.5,0.0,25.3,10
2024-06-17,24.0,0.0,34.7,9
2024-06-18,26.8,0.0,18.2,9
2024-06-19,26.7,0.0,32.3,9
2024-06-20,28.1,0.0,28.2,10
2024-06-21,30.2,0.0,23.9,9
2024-06-22,28.5,2.745,45.4,10
2024-06-23,29.5,0.233,52.2,6
2024-06-24,25.3,0.0,85.5,10
2024-06-25,26.0,0.0,17.6,10
2024-06-26,28.1,3.273,49.5,9
2024-06-27,23.9,6.489,55.2,10
2024-06-28,21.2,0.0,20.1,10
2024-06-29,22.8,1.313,67.8,10
2024-06-30,26.1,4.333,73.7,10
2024-07-01,22.8,0.0,30.5,10
2024-07-02,23.7,0.0,23.9,10
2024-07-03,24.0,0.0,31.6,10
2024-07-04,25.7,0.106,53.5,10
2024-07-05,28.0,3.553,68.0,10
2024-07-06,29.5,1.728,44.6,10
2024-07-07,30.4,0.0,48.6,9
2024-07-08,29.8,0.0,29.9,10
2024-07-09,30.4,0.0,33.8,9
2024-07-10,31.1,0.048,30.3,9
2024-07-11,27.9,2.036,54.7,10
2024-07-12,27.0,2.949,69.4,10
2024-07-13,26.8,45.086,57.7,8
2024-07-14,28.5,1.054,28.8,9
2024-07-15,30.7,3.187,39.6,9
2024-07-16,32.6,0.0,28.7,9
2024-07-17,29.7,20.757,45.9,9
2024-07-18,25.9,1.386,61.2,10
2024-07-19,24.3,0.0,19.1,10
2024-07-20,25.6,0.0,49.0,8
2024-07-21,26.9,0.048,65.4,10
2024-07-22,26.0,0.095,52.8,7
2024-07-23,23.7,3.915,90.8,8
2024-07-24,24.6,0.0,74.9,9
2024-07-25,26.0,0.0,46.2,7
2024-07-26,24.3,0.0,32.1,9
2024-07-27,25.2,0.0,40.9,9
2024-07-28,25.3,0.0,26.9,9
2024-07-29,25.4,1.148,67.7,10
2024-07-30,27.4,0.0,49.9,9
2024-07-31,28.3,1.064,88.7,9
2024-08-01,30.4,0.0,25.8,9
2024-08-02,31.4,13.004,39.5,10
2024-08-03,28.1,18.334,51.8,10
2024-08-04,24.6,4.539,76.8,6
2024-08-05,28.1,0.0,23.6,9
2024-08-06,28.4,37.485,67.4,9
2024-08-07,20.1,5.26,97.7,1
2024-08-08,20.0,9.487,100.0,1
2024-08-09,25.6,3.268,98.8,6
2024-08-10,26.4,0.185,41.2,9
2024-08-11,24.2,0.0,47.3,10
2024-08-12,23.0,0.067,38.8,10
2024-08-13,22.9,0.0,24.6,9
2024-08-14,24.7,0.0,25.0,9
2024-08-15,25.5,0.0,23.8,9
2024-08-16,25.7,0.0,21.0,8
2024-08-17,23.5,1.275,86.3,5
2024-08-18,23.8,29.9,91.2,9
2024-08-19,24.5,7.532,70.9,10
2024-08-20,19.6,0.0,65.0,9
2024-08-21,18.5,0.0,22.1,10
2024-08-22,20.1,0.0,32.3,9
2024-08-23,22.2,0.0,9.7,9
2024-08-24,23.7,0.0,23.0,9
2024-08-25,24.6,0.0,34.6,9
2024-08-26,24.7,2.241,40.3,9
2024-08-27,24.4,0.0,12.0,9
2024-08-28,29.0,0.128,37.3,9
2024-08-29,24.2,0.32,90.3,6
2024-08-30,20.7,7.775,97.7,4
2024-08-31,22.4,0.0,92.0,7
2024-09-01,25.1,0.0,71.2,5
2024-09-02,22.6,0.0,29.8,10
2024-09-03,18.9,0.0,11.4,9
2024-09-04,20.0,0.0,14.5,8
2024-09-05,20.3,0.0,10.5,8
2024-09-06,20.9,0.0,86.4,8
2024-09-07,20.1,5.787,89.4,7
2024-09-08,17.1,0.0,21.4,9
2024-09-09,19.1,0.0,21.8,9
2024-09-10,21.4,0.0,24.2,8
2024-09-11,20.4,0.0,17.9,8
2024-09-12,20.9,0.0,34.7,8
2024-09-13,21.8,0.0,11.0,8
2024-09-14,23.1,0.0,7.2,8
2024-09-15,22.0,0.0,27.2,8
2024-09-16,19.8,0.0,29.4,7
2024-09-17,21.5,0.0,63.2,8
2024-09-18,21.3,0.0,49.5,5
2024-09-19,23.9,0.0,42.8,7
2024-09-20,22.9,0.0,49.0,8
2024-09-21,20.9,0.0,24.2,8
2024-09-22,19.4,0.0,58.1,8
2024-09-23,17.6,0.793,89.8,4
2024-09-24,17.6,0.0,87.3,3
2024-09-25,18.2,0.0,94.2,2
2024-09-26,21.1,1.555,92.8,2
2024-09-27,20.7,3.012,93.6,4
2024-09-28,18.1,6.089,100.0,2
2024-09-29,16.6,13.63,100.0,1
2024-09-30,18.3,0.0,61.2,8
2024-10-01,17.9,0.0,53.1,5
2024-10-02,17.1,0.0,89.2,4
2024-10-03,18.7,0.0,72.0,5
2024-10-04,19.0,0.0,49.9,6
2024-10-05,19.8,0.0,34.0,7
2024-10-06,17.3,0.0,12.1,7
2024-10-07,19.6,0.067,52.9,7
2024-10-08,16.2,0.0,19.5,7
2024-10-09,16.5,0.0,56.9,7
2024-10-10,12.6,0.0,9.3,7
2024-10-11,14.1,0.0,6.0,7
2024-10-12,18.6,0.0,17.3,7
2024-10-13,16.7,0.0,53.4,6
2024-10-14,13.4,0.0,66.3,7
2024-10-15,9.6,0.0,32.1,7
2024-10-16,9.4,0.0,21.7,7
2024-10-17,10.1,0.0,15.1,7
2024-10-18,14.0,0.0,4.1,7
2024-10-19,15.3,0.0,7.4,7
2024-10-20,16.7,0.0,8.8,7
2024-10-21,19.7,0.0,2.7,6
2024-10-22,21.3,0.0,2.9,6
2024-10-23,19.4,0.0,9.2,6
2024-10-24,17.8,0.0,31.2,6
2024-10-25,12.7,0.0,12.9,6
2024-10-26,14.9,0.0,29.9,7
2024-10-27,10.3,0.0,18.8,6
2024-10-28,11.7,0.0,39.7,6
2024-10-29,14.5,0.185,83.4,9
2024-10-30,18.9,0.0,34.8,6
2024-10-31,21.6,0.0,29.4,6
2024-11-01,21.9,0.0,27.9,6
2024-11-02,13.0,0.0,12.9,6
2024-11-03,7.3,0.0,10.8,6
2024-11-04,10.5,0.0,48.0,5
2024-11-05,17.3,0.0,34.2,5
2024-11-06,22.3,0.0,48.0,5
2024-11-07,19.8,0.0,24.4,5
2024-11-08,15.0,0.0,7.4,6
2024-11-09,9.0,0.0,25.2,5
2024-11-10,11.3,1.103,48.7,4
2024-11-11,16.3,3.515,51.8,6
2024-11-12,9.3,0.0,11.5,6
2024-11-13,3.2,0.0,6.0,6
2024-11-14,3.9,0.0,28.2,4
2024-11-15,9.1,0.0,26.0,6
2024-11-16,10.8,0.0,3.3,5
2024-11-17,11.5,0.0,20.2,5
2024-11-18,14.0,0.0,21.5,5
2024-11-19,11.8,0.0,30.1,5
2024-11-20,13.3,0.0,97.4,3
2024-11-21,6.3,33.48,100.0,1
2024-11-22,0.6,14.554,100.0,2
2024-11-23,3.8,0.779,61.9,4
2024-11-24,7.5,0.0,53.6,5
2024-11-25,8.1,0.0,37.1,5
2024-11-26,12.1,5.051,74.1,2
2024-11-27,7.2,0.0,35.5,5
2024-11-28,5.7,16.637,81.9,1
2024-11-29,2.4,0.048,52.5,5
2024-11-30,-3.0,0.0,13.5,5
2024-12-01,-4.4,0.0,23.0,5
2024-12-02,-2.4,0.0,26.7,5
2024-12-03,-1.1,0.0,72.4,5
2024-12-04,-0.4,0.0,51.9,4
2024-12-05,-1.9,2.654,72.6,4
2024-12-06,-4.7,0.0,47.5,5
2024-12-07,-2.1,0.0,74.6,5
2024-12-08,6.3,0.0,52.3,5
2024-12-09,7.7,4.613,68.5,1
2024-12-10,6.5,5.985,99.9,1
2024-12-11,12.0,21.427,99.6,1
2024-12-12,-2.0,0.0,22.2,5
2024-12-13,-5.9,0.0,26.8,5
2024-12-14,-4.4,0.0,8.6,5
2024-12-15,-1.5,0.124,51.8,4
2024-12-16,5.5,22.64,100.0,1
2024-12-17,12.0,2.154,65.8,4
2024-12-18,8.3,3.26,48.0,5
2024-12-19,2.1,3.751,54.7,5
2024-12-20,-2.0,1.074,89.7,1
2024-12-21,-7.7,3.24,70.9,5
2024-12-22,-14.5,0.0,10.8,5
2024-12-23,-9.5,0.0,21.5,4
2024-12-24,-2.5,1.364,71.5,4
2024-12-25,-1.9,0.0,65.1,5
2024-12-26,-3.2,0.0,21.3,6
2024-12-27,0.9,0.0,31.6,4
2024-12-28,6.9,13.423,100.0,1
2024-12-29,12.5,3.928,92.9,3
2024-12-30,12.6,8.582,72.4,5
2024-12-31,7.6,11.338,28.7,5
